- name: Newark
  id: ocd-jurisdiction/country:us/state:nj/place:newark/government
- name: Jersey City
  id: ocd-jurisdiction/country:us/state:nj/place:jersey_city/government
- name: Paterson
  id: ocd-jurisdiction/country:us/state:nj/place:paterson/government
- name: Elizabeth
  id: ocd-jurisdiction/country:us/state:nj/place:elizabeth/government
- name: Lakewood
  id: ocd-jurisdiction/country:us/state:nj/place:lakewood/government
- name: Edison
  id: ocd-jurisdiction/country:us/state:nj/place:edison/government
- name: Woodbridge Township
  id: ocd-jurisdiction/country:us/state:nj/place:woodbridge_township/government
- name: Toms River
  id: ocd-jurisdiction/country:us/state:nj/place:toms_river/government
- name: Clifton
  id: ocd-jurisdiction/country:us/state:nj/place:clifton/government
- name: Trenton
  id: ocd-jurisdiction/country:us/state:nj/place:trenton/government
- name: Brick Township
  id: ocd-jurisdiction/country:us/state:nj/place:brick_township/government
- name: Cherry Hill
  id: ocd-jurisdiction/country:us/state:nj/place:cherry_hill/government
- name: Union
  id: ocd-jurisdiction/country:us/state:nj/place:union/government
- name: North Bergen
  id: ocd-jurisdiction/country:us/state:nj/place:north_bergen/government
- name: Piscataway
  id: ocd-jurisdiction/country:us/state:nj/place:piscataway/government
- name: New Brunswick
  id: ocd-jurisdiction/country:us/state:nj/place:new_brunswick/government
- name: Hoboken
  id: ocd-jurisdiction/country:us/state:nj/place:hoboken/government
- name: Bloomfield
  id: ocd-jurisdiction/country:us/state:nj/place:bloomfield/government
- name: East Brunswick
  id: ocd-jurisdiction/country:us/state:nj/place:east_brunswick/government
- name: West Orange
  id: ocd-jurisdiction/country:us/state:nj/place:west_orange/government
- name: Montclair
  id: ocd-jurisdiction/country:us/state:nj/place:montclair/government
- name: Princeton
  id: ocd-jurisdiction/country:us/state:nj/place:princeton/government
- name: Maplewood
  id: ocd-jurisdiction/country:us/state:nj/place:maplewood/government
- name: Teaneck Township
  id: ocd-jurisdiction/country:us/state:nj/place:teaneck/government
- name: Hamburg
  id: ocd-jurisdiction/country:us/state:nj/place:hamburg/government
- name: Wenonah
  id: ocd-jurisdiction/country:us/state:nj/place:wenonah/government
- name: Westfield
  id: ocd-jurisdiction/country:us/state:nj/place:westfield/government
- name: Boonton
  id: ocd-jurisdiction/country:us/state:nj/place:boonton/government
- name: Madison
  id: ocd-jurisdiction/country:us/state:nj/place:madison/government
- name: Budd Lake
  id: ocd-jurisdiction/country:us/state:nj/place:budd_lake/government
- name: South Orange Village
  id: ocd-jurisdiction/country:us/state:nj/place:south_orange_village/government
- name: Somerset
  id: ocd-jurisdiction/country:us/state:nj/place:somerset/government
- name: Dover
  id: ocd-jurisdiction/country:us/state:nj/place:dover/government
- name: Allentown
  id: ocd-jurisdiction/country:us/state:nj/place:allentown/government
- name: Sparta
  id: ocd-jurisdiction/country:us/state:nj/place:sparta/government
- name: Woodland Park
  id: ocd-jurisdiction/country:us/state:nj/place:woodland_park/government
- name: Flemington
  id: ocd-jurisdiction/country:us/state:nj/place:flemington/government
- name: Cliffside Park
  id: ocd-jurisdiction/country:us/state:nj/place:cliffside_park/government
- name: Galloway
  id: ocd-jurisdiction/country:us/state:nj/place:galloway/government
- name: Ridgefield
  id: ocd-jurisdiction/country:us/state:nj/place:ridgefield/government
- name: Bound Brook
  id: ocd-jurisdiction/country:us/state:nj/place:bound_brook/government
- name: Camden
  id: ocd-jurisdiction/country:us/state:nj/place:camden/government
- name: Dunellen
  id: ocd-jurisdiction/country:us/state:nj/place:dunellen/government
- name: Garfield
  id: ocd-jurisdiction/country:us/state:nj/place:garfield/government
- name: Plainsboro
  id: ocd-jurisdiction/country:us/state:nj/place:plainsboro/government
- name: Scotch Plains
  id: ocd-jurisdiction/country:us/state:nj/place:scotch_plains/government
- name: Shiloh
  id: ocd-jurisdiction/country:us/state:nj/place:shiloh/government
- name: Fair Lawn
  id: ocd-jurisdiction/country:us/state:nj/place:fair_lawn/government
- name: South Brunswick
  id: ocd-jurisdiction/country:us/state:nj/place:south_brunswick/government
- name: Fairview
  id: ocd-jurisdiction/country:us/state:nj/place:fairview/government
- name: Lyndhurst
  id: ocd-jurisdiction/country:us/state:nj/place:lyndhurst/government
- name: Saddle Brook
  id: ocd-jurisdiction/country:us/state:nj/place:saddle_brook/government
- name: Egg Harbor Township
  id: ocd-jurisdiction/country:us/state:nj/place:egg_harbor_township/government
