- name: Atlanta
  id: ocd-jurisdiction/country:us/state:ga/place:atlanta/government
- name: Augusta
  id: ocd-jurisdiction/country:us/state:ga/place:augusta/government
- name: Columbus
  id: ocd-jurisdiction/country:us/state:ga/place:columbus/government
- name: Macon
  id: ocd-jurisdiction/country:us/state:ga/place:macon/government
- name: Macon County
  id: ocd-jurisdiction/country:us/state:ga/place:macon_county/government
- name: Savannah
  id: ocd-jurisdiction/country:us/state:ga/place:savannah/government
- name: Athens
  id: ocd-jurisdiction/country:us/state:ga/place:athens/government
- name: Sandy Springs
  id: ocd-jurisdiction/country:us/state:ga/place:sandy_springs/government
- name: Roswell
  id: ocd-jurisdiction/country:us/state:ga/place:roswell/government
- name: Alpharetta
  id: ocd-jurisdiction/country:us/state:ga/place:alpharetta/government
- name: Marietta
  id: ocd-jurisdiction/country:us/state:ga/place:marietta/government
- name: Smyrna
  id: ocd-jurisdiction/country:us/state:ga/place:smyrna/government
- name: Valdosta
  id: ocd-jurisdiction/country:us/state:ga/place:valdosta/government
- name: Brookhaven
  id: ocd-jurisdiction/country:us/state:ga/place:brookhaven/government
- name: Gainesville
  id: ocd-jurisdiction/country:us/state:ga/place:gainesville/government
- name: Newnan
  id: ocd-jurisdiction/country:us/state:ga/place:newnan/government
- name: Tucker
  id: ocd-jurisdiction/country:us/state:ga/place:tucker/government
- name: Douglasville
  id: ocd-jurisdiction/country:us/state:ga/place:douglasville/government
- name: Kennesaw
  id: ocd-jurisdiction/country:us/state:ga/place:kennesaw/government
- name: Statesboro
  id: ocd-jurisdiction/country:us/state:ga/place:statesboro/government
- name: Lawrenceville
  id: ocd-jurisdiction/country:us/state:ga/place:lawrenceville/government
- name: Stockbridge
  id: ocd-jurisdiction/country:us/state:ga/place:stockbridge/government
- name: Duluth
  id: ocd-jurisdiction/country:us/state:ga/place:duluth/government
- name: Canton
  id: ocd-jurisdiction/country:us/state:ga/place:canton/government
- name: McDonough
  id: ocd-jurisdiction/country:us/state:ga/place:mcdonough/government
- name: Decatur
  id: ocd-jurisdiction/country:us/state:ga/place:decatur/government
- name: Woodstock
  id: ocd-jurisdiction/country:us/state:ga/place:woodstock/government
- name: Acworth
  id: ocd-jurisdiction/country:us/state:ga/place:acworth/government
- name: Suwanee
  id: ocd-jurisdiction/country:us/state:ga/place:suwanee/government
- name: Snellville
  id: ocd-jurisdiction/country:us/state:ga/place:snellville/government
- name: Fayetteville
  id: ocd-jurisdiction/country:us/state:ga/place:fayetteville/government
- name: Norcross
  id: ocd-jurisdiction/country:us/state:ga/place:norcross/government
- name: Conyers
  id: ocd-jurisdiction/country:us/state:ga/place:conyers/government
- name: Powder Springs
  id: ocd-jurisdiction/country:us/state:ga/place:powder_springs/government
- name: Dallas
  id: ocd-jurisdiction/country:us/state:ga/place:dallas/government
- name: Lilburn
  id: ocd-jurisdiction/country:us/state:ga/place:lilburn/government
- name: Cumming
  id: ocd-jurisdiction/country:us/state:ga/place:cumming/government
- name: Stone Mountain
  id: ocd-jurisdiction/country:us/state:ga/place:stone_mountain/government
- name: Lithonia
  id: ocd-jurisdiction/country:us/state:ga/place:lithonia/government
- name: Villa Rica
  id: ocd-jurisdiction/country:us/state:ga/place:villa_rica/government
- name: Jonesboro
  id: ocd-jurisdiction/country:us/state:ga/place:jonesboro/government
- name: Johns Creek
  id: ocd-jurisdiction/country:us/state:ga/place:johns_creek/government
- name: Clarkston
  id: ocd-jurisdiction/country:us/state:ga/place:clarkston/government
- name: Tyrone
  id: ocd-jurisdiction/country:us/state:ga/place:tyrone/government
- name: Warner Robins
  id: ocd-jurisdiction/country:us/state:ga/place:warner_robins/government
- name: Austell
  id: ocd-jurisdiction/country:us/state:ga/place:austell/government
- name: Flowery Branch
  id: ocd-jurisdiction/country:us/state:ga/place:flowery_branch/government
- name: Peachtree Corners
  id: ocd-jurisdiction/country:us/state:ga/place:peachtree_corners/government
- name: Ringgold
  id: ocd-jurisdiction/country:us/state:ga/place:ringgold/government
