- name: Portland
  id: ocd-jurisdiction/country:us/state:or/place:portland/government
- name: Salem
  id: ocd-jurisdiction/country:us/state:or/place:salem/government
- name: Eugene
  id: ocd-jurisdiction/country:us/state:or/place:eugene/government
- name: Gresham
  id: ocd-jurisdiction/country:us/state:or/place:gresham/government
- name: Hillsboro
  id: ocd-jurisdiction/country:us/state:or/place:hillsboro/government
- name: Bend
  id: ocd-jurisdiction/country:us/state:or/place:bend/government
- name: Beaverton
  id: ocd-jurisdiction/country:us/state:or/place:beaverton/government
- name: Albany
  id: ocd-jurisdiction/country:us/state:or/place:albany/government
- name: Medford
  id: ocd-jurisdiction/country:us/state:or/place:medford/government
- name: Springfield
  id: ocd-jurisdiction/country:us/state:or/place:springfield/government
- name: Corvallis
  id: ocd-jurisdiction/country:us/state:or/place:corvallis/government
- name: Lake Oswego
  id: ocd-jurisdiction/country:us/state:or/place:lake_oswego/government
- name: Ashland
  id: ocd-jurisdiction/country:us/state:or/place:ashland/government
- name: Beaverton
  id: ocd-jurisdiction/country:us/state:or/place:beaverton/government
- name: Mill City
  id: ocd-jurisdiction/country:us/state:or/place:mill_city/government
- name: Canby
  id: ocd-jurisdiction/country:us/state:or/place:canby/government
- name: Saint Helens
  id: ocd-jurisdiction/country:us/state:or/place:saint_helens/government
