- name: Indianapolis
  id: ocd-jurisdiction/country:us/state:in/place:indianapolis/government
- name: Fort Wayne
  id: ocd-jurisdiction/country:us/state:in/place:fort_wayne/government
- name: Evansville
  id: ocd-jurisdiction/country:us/state:in/place:evansville/government
- name: South Bend
  id: ocd-jurisdiction/country:us/state:in/place:south_bend/government
- name: Carmel
  id: ocd-jurisdiction/country:us/state:in/place:carmel/government
- name: Fishers
  id: ocd-jurisdiction/country:us/state:in/place:fishers/government
- name: Bloomington
  id: ocd-jurisdiction/country:us/state:in/place:bloomington/government
- name: Lafayette
  id: ocd-jurisdiction/country:us/state:in/place:lafayette/government
- name: Muncie
  id: ocd-jurisdiction/country:us/state:in/place:muncie/government
- name: Noblesville
  id: ocd-jurisdiction/country:us/state:in/place:noblesville/government
- name: Terre Haute
  id: ocd-jurisdiction/country:us/state:in/place:terre_haute/government
- name: Greenwood
  id: ocd-jurisdiction/country:us/state:in/place:greenwood/government
- name: Elkhart
  id: ocd-jurisdiction/country:us/state:in/place:elkhart/government
- name: West Lafayette
  id: ocd-jurisdiction/country:us/state:in/place:west_lafayette/government
- name: Valparaiso
  id: ocd-jurisdiction/country:us/state:in/place:valparaiso/government
- name: Crown Point
  id: ocd-jurisdiction/country:us/state:in/place:crown_point/government
- name: Zionsville
  id: ocd-jurisdiction/country:us/state:in/place:zionsville/government
- name: Warsaw
  id: ocd-jurisdiction/country:us/state:in/place:warsaw/government
- name: New Albany
  id: ocd-jurisdiction/country:us/state:in/place:new_albany/government
- name: New Whiteland
  id: ocd-jurisdiction/country:us/state:in/place:new_whiteland/government
