- name: Minneapolis
  id: ocd-jurisdiction/country:us/state:mn/place:minneapolis/government
- name: Saint Paul
  id: ocd-jurisdiction/country:us/state:mn/place:saint_paul/government
- name: Rochester
  id: ocd-jurisdiction/country:us/state:mn/place:rochester/government
- name: Duluth
  id: ocd-jurisdiction/country:us/state:mn/place:duluth/government
- name: Maple Grove
  id: ocd-jurisdiction/country:us/state:mn/place:maple_grove/government
- name: Saint Cloud
  id: ocd-jurisdiction/country:us/state:mn/place:saint_cloud/government
- name: Eden Prairie
  id: ocd-jurisdiction/country:us/state:mn/place:eden_prairie/government
- name: Burnsville
  id: ocd-jurisdiction/country:us/state:mn/place:burnsville/government
- name: Mankato
  id: ocd-jurisdiction/country:us/state:mn/place:mankato/government
- name: Minneapolis
  id: ocd-jurisdiction/country:us/state:mn/place:minneapolis/government
- name: Minneapolis
  id: ocd-jurisdiction/country:us/state:mn/place:minneapolis/government
- name: New Hope
  id: ocd-jurisdiction/country:us/state:mn/place:new_hope/government
