- name: Los Angeles
  id: ocd-jurisdiction/country:us/state:ca/place:los_angeles/government
- name: San Diego
  id: ocd-jurisdiction/country:us/state:ca/place:san_diego/government
- name: San Jose
  id: ocd-jurisdiction/country:us/state:ca/place:san_jose/government
- name: San Francisco
  id: ocd-jurisdiction/country:us/state:ca/place:san_francisco/government
- name: Fresno
  id: ocd-jurisdiction/country:us/state:ca/place:fresno/government
- name: Sacramento
  id: ocd-jurisdiction/country:us/state:ca/place:sacramento/government
- name: Long Beach
  id: ocd-jurisdiction/country:us/state:ca/place:long_beach/government
- name: Oakland
  id: ocd-jurisdiction/country:us/state:ca/place:oakland/government
- name: Bakersfield
  id: ocd-jurisdiction/country:us/state:ca/place:bakersfield/government
- name: Anaheim
  id: ocd-jurisdiction/country:us/state:ca/place:anaheim/government
- name: Santa Ana
  id: ocd-jurisdiction/country:us/state:ca/place:santa_ana/government
- name: Riverside
  id: ocd-jurisdiction/country:us/state:ca/place:riverside/government
- name: Stockton
  id: ocd-jurisdiction/country:us/state:ca/place:stockton/government
- name: Chula Vista
  id: ocd-jurisdiction/country:us/state:ca/place:chula_vista/government
- name: Modesto
  id: ocd-jurisdiction/country:us/state:ca/place:modesto/government
- name: Fontana
  id: ocd-jurisdiction/country:us/state:ca/place:fontana/government
- name: San Bernardino
  id: ocd-jurisdiction/country:us/state:ca/place:san_bernardino/government
- name: Fremont
  id: ocd-jurisdiction/country:us/state:ca/place:fremont/government
- name: Moreno Valley
  id: ocd-jurisdiction/country:us/state:ca/place:moreno_valley/government
- name: Oxnard
  id: ocd-jurisdiction/country:us/state:ca/place:oxnard/government
- name: Irvine
  id: ocd-jurisdiction/country:us/state:ca/place:irvine/government
- name: Santa Clarita
  id: ocd-jurisdiction/country:us/state:ca/place:santa_clarita/government
- name: Glendale
  id: ocd-jurisdiction/country:us/state:ca/place:glendale/government
- name: Huntington Beach
  id: ocd-jurisdiction/country:us/state:ca/place:huntington_beach/government
- name: Ontario
  id: ocd-jurisdiction/country:us/state:ca/place:ontario/government
- name: Rancho Cucamonga
  id: ocd-jurisdiction/country:us/state:ca/place:rancho_cucamonga/government
- name: Elk Grove
  id: ocd-jurisdiction/country:us/state:ca/place:elk_grove/government
- name: Santa Rosa
  id: ocd-jurisdiction/country:us/state:ca/place:santa_rosa/government
- name: Oceanside
  id: ocd-jurisdiction/country:us/state:ca/place:oceanside/government
- name: Corona
  id: ocd-jurisdiction/country:us/state:ca/place:corona/government
- name: Garden Grove
  id: ocd-jurisdiction/country:us/state:ca/place:garden_grove/government
- name: Hayward
  id: ocd-jurisdiction/country:us/state:ca/place:hayward/government
- name: Lancaster
  id: ocd-jurisdiction/country:us/state:ca/place:lancaster/government
- name: Palmdale
  id: ocd-jurisdiction/country:us/state:ca/place:palmdale/government
- name: Salinas
  id: ocd-jurisdiction/country:us/state:ca/place:salinas/government
- name: Sunnyvale
  id: ocd-jurisdiction/country:us/state:ca/place:sunnyvale/government
- name: Pomona
  id: ocd-jurisdiction/country:us/state:ca/place:pomona/government
- name: Escondido
  id: ocd-jurisdiction/country:us/state:ca/place:escondido/government
- name: Roseville
  id: ocd-jurisdiction/country:us/state:ca/place:roseville/government
- name: Torrance
  id: ocd-jurisdiction/country:us/state:ca/place:torrance/government
- name: Pasadena
  id: ocd-jurisdiction/country:us/state:ca/place:pasadena/government
- name: Orange
  id: ocd-jurisdiction/country:us/state:ca/place:orange/government
- name: Fullerton
  id: ocd-jurisdiction/country:us/state:ca/place:fullerton/government
- name: Visalia
  id: ocd-jurisdiction/country:us/state:ca/place:visalia/government
- name: Santa Clara
  id: ocd-jurisdiction/country:us/state:ca/place:santa_clara/government
- name: Concord
  id: ocd-jurisdiction/country:us/state:ca/place:concord/government
- name: Thousand Oaks
  id: ocd-jurisdiction/country:us/state:ca/place:thousand_oaks/government
- name: Simi Valley
  id: ocd-jurisdiction/country:us/state:ca/place:simi_valley/government
- name: Victorville
  id: ocd-jurisdiction/country:us/state:ca/place:victorville/government
- name: Vallejo
  id: ocd-jurisdiction/country:us/state:ca/place:vallejo/government
- name: Berkeley
  id: ocd-jurisdiction/country:us/state:ca/place:berkeley/government
- name: Fairfield
  id: ocd-jurisdiction/country:us/state:ca/place:fairfield/government
- name: Murrieta
  id: ocd-jurisdiction/country:us/state:ca/place:murrieta/government
- name: El Monte
  id: ocd-jurisdiction/country:us/state:ca/place:el_monte/government
- name: Carlsbad
  id: ocd-jurisdiction/country:us/state:ca/place:carlsbad/government
- name: Temecula
  id: ocd-jurisdiction/country:us/state:ca/place:temecula/government
- name: Clovis
  id: ocd-jurisdiction/country:us/state:ca/place:clovis/government
- name: Costa Mesa
  id: ocd-jurisdiction/country:us/state:ca/place:costa_mesa/government
- name: Antioch
  id: ocd-jurisdiction/country:us/state:ca/place:antioch/government
- name: Downey
  id: ocd-jurisdiction/country:us/state:ca/place:downey/government
- name: Richmond
  id: ocd-jurisdiction/country:us/state:ca/place:richmond/government
- name: Jurupa Valley
  id: ocd-jurisdiction/country:us/state:ca/place:jurupa_valley/government
- name: Ventura
  id: ocd-jurisdiction/country:us/state:ca/place:ventura/government
- name: Inglewood
  id: ocd-jurisdiction/country:us/state:ca/place:inglewood/government
- name: Santa Maria
  id: ocd-jurisdiction/country:us/state:ca/place:santa_maria/government
- name: Daly City
  id: ocd-jurisdiction/country:us/state:ca/place:daly_city/government
- name: West Covina
  id: ocd-jurisdiction/country:us/state:ca/place:west_covina/government
- name: San Mateo
  id: ocd-jurisdiction/country:us/state:ca/place:san_mateo/government
- name: Norwalk
  id: ocd-jurisdiction/country:us/state:ca/place:norwalk/government
- name: Rialto
  id: ocd-jurisdiction/country:us/state:ca/place:rialto/government
- name: Chico
  id: ocd-jurisdiction/country:us/state:ca/place:chico/government
- name: El Cajon
  id: ocd-jurisdiction/country:us/state:ca/place:el_cajon/government
- name: Burbank
  id: ocd-jurisdiction/country:us/state:ca/place:burbank/government
- name: Vista
  id: ocd-jurisdiction/country:us/state:ca/place:vista/government
- name: Vacaville
  id: ocd-jurisdiction/country:us/state:ca/place:vacaville/government
- name: San Marcos
  id: ocd-jurisdiction/country:us/state:ca/place:san_marcos/government
- name: Compton
  id: ocd-jurisdiction/country:us/state:ca/place:compton/government
- name: Hesperia
  id: ocd-jurisdiction/country:us/state:ca/place:hesperia/government
- name: Mission Viejo
  id: ocd-jurisdiction/country:us/state:ca/place:mission_viejo/government
- name: South Gate
  id: ocd-jurisdiction/country:us/state:ca/place:south_gate/government
- name: Menifee
  id: ocd-jurisdiction/country:us/state:ca/place:menifee/government
- name: Carson
  id: ocd-jurisdiction/country:us/state:ca/place:carson/government
- name: Redding
  id: ocd-jurisdiction/country:us/state:ca/place:redding/government
- name: Chino
  id: ocd-jurisdiction/country:us/state:ca/place:chino/government
- name: Santa Monica
  id: ocd-jurisdiction/country:us/state:ca/place:santa_monica/government
- name: Santa Barbara
  id: ocd-jurisdiction/country:us/state:ca/place:santa_barbara/government
- name: Indio
  id: ocd-jurisdiction/country:us/state:ca/place:indio/government
- name: Westminster
  id: ocd-jurisdiction/country:us/state:ca/place:westminster/government
- name: Livermore
  id: ocd-jurisdiction/country:us/state:ca/place:livermore/government
- name: Tracy
  id: ocd-jurisdiction/country:us/state:ca/place:tracy/government
- name: San Leandro
  id: ocd-jurisdiction/country:us/state:ca/place:san_leandro/government
- name: Citrus Heights
  id: ocd-jurisdiction/country:us/state:ca/place:citrus_heights/government
- name: Hawthorne
  id: ocd-jurisdiction/country:us/state:ca/place:hawthorne/government
- name: Redwood City
  id: ocd-jurisdiction/country:us/state:ca/place:redwood_city/government
- name: Whittier
  id: ocd-jurisdiction/country:us/state:ca/place:whittier/government
- name: Lake Forest
  id: ocd-jurisdiction/country:us/state:ca/place:lake_forest/government
- name: Newport Beach
  id: ocd-jurisdiction/country:us/state:ca/place:newport_beach/government
- name: Hemet
  id: ocd-jurisdiction/country:us/state:ca/place:hemet/government
- name: Alhambra
  id: ocd-jurisdiction/country:us/state:ca/place:alhambra/government
- name: Buena Park
  id: ocd-jurisdiction/country:us/state:ca/place:buena_park/government
- name: Chino Hills
  id: ocd-jurisdiction/country:us/state:ca/place:chino_hills/government
- name: Mountain View
  id: ocd-jurisdiction/country:us/state:ca/place:mountain_view/government
- name: Merced
  id: ocd-jurisdiction/country:us/state:ca/place:merced/government
- name: Buena Park
  id: ocd-jurisdiction/country:us/state:ca/place:buena_park/government
- name: Pleasanton
  id: ocd-jurisdiction/country:us/state:ca/place:pleasanton/government
- name: Manteca
  id: ocd-jurisdiction/country:us/state:ca/place:manteca/government
- name: Milpitas
  id: ocd-jurisdiction/country:us/state:ca/place:milpitas/government
- name: Lakewood
  id: ocd-jurisdiction/country:us/state:ca/place:lakewood/government
- name: Tustin
  id: ocd-jurisdiction/country:us/state:ca/place:tustin/government
- name: Napa
  id: ocd-jurisdiction/country:us/state:ca/place:napa/government
- name: Perris
  id: ocd-jurisdiction/country:us/state:ca/place:perris/government
- name: Folsom
  id: ocd-jurisdiction/country:us/state:ca/place:folsom/government
- name: Alameda
  id: ocd-jurisdiction/country:us/state:ca/place:alameda/government
- name: Bellflower
  id: ocd-jurisdiction/country:us/state:ca/place:bellflower/government
- name: Upland
  id: ocd-jurisdiction/country:us/state:ca/place:upland/government
- name: San Ramon
  id: ocd-jurisdiction/country:us/state:ca/place:san_ramon/government
- name: Baldwin Park
  id: ocd-jurisdiction/country:us/state:ca/place:baldwin_park/government
- name: Union City
  id: ocd-jurisdiction/country:us/state:ca/place:union_city/government
- name: Turlock
  id: ocd-jurisdiction/country:us/state:ca/place:turlock/government
- name: Pittsburg
  id: ocd-jurisdiction/country:us/state:ca/place:pittsburg/government
- name: Redlands
  id: ocd-jurisdiction/country:us/state:ca/place:redlands/government
- name: Walnut Creek
  id: ocd-jurisdiction/country:us/state:ca/place:walnut_creek/government
- name: Davis
  id: ocd-jurisdiction/country:us/state:ca/place:davis/government
- name: Camarillo
  id: ocd-jurisdiction/country:us/state:ca/place:camarillo/government
- name: Lake Elsinore
  id: ocd-jurisdiction/country:us/state:ca/place:lake_elsinore/government
- name: Yorba Linda
  id: ocd-jurisdiction/country:us/state:ca/place:yorba_linda/government
- name: South San Francisco
  id: ocd-jurisdiction/country:us/state:ca/place:south_san_francisco/government
- name: Redondo Beach
  id: ocd-jurisdiction/country:us/state:ca/place:redondo_beach/government
- name: Rocklin
  id: ocd-jurisdiction/country:us/state:ca/place:rocklin/government
- name: Palo Alto
  id: ocd-jurisdiction/country:us/state:ca/place:palo_alto/government
- name: Laguna Niguel
  id: ocd-jurisdiction/country:us/state:ca/place:laguna_niguel/government
- name: San Clemente
  id: ocd-jurisdiction/country:us/state:ca/place:san_clemente/government
- name: Santa Cruz
  id: ocd-jurisdiction/country:us/state:ca/place:santa_cruz/government
- name: Brentwood
  id: ocd-jurisdiction/country:us/state:ca/place:brentwood/government
- name: Dublin
  id: ocd-jurisdiction/country:us/state:ca/place:dublin/government
- name: Encinitas
  id: ocd-jurisdiction/country:us/state:ca/place:encinitas/government
- name: Pico Rivera
  id: ocd-jurisdiction/country:us/state:ca/place:pico_rivera/government
- name: Montebello
  id: ocd-jurisdiction/country:us/state:ca/place:montebello/government
- name: La Habra
  id: ocd-jurisdiction/country:us/state:ca/place:la_habra/government
- name: Petaluma
  id: ocd-jurisdiction/country:us/state:ca/place:petaluma/government
- name: Cupertino
  id: ocd-jurisdiction/country:us/state:ca/place:cupertino/government
- name: Gardena
  id: ocd-jurisdiction/country:us/state:ca/place:gardena/government
- name: La Mesa
  id: ocd-jurisdiction/country:us/state:ca/place:la_mesa/government
- name: Gilroy
  id: ocd-jurisdiction/country:us/state:ca/place:gilroy/government
- name: San Rafael
  id: ocd-jurisdiction/country:us/state:ca/place:san_rafael/government
- name: Arcadia
  id: ocd-jurisdiction/country:us/state:ca/place:arcadia/government
- name: Arcadia
  id: ocd-jurisdiction/country:us/state:ca/place:arcadia/government
- name: Huntington Park
  id: ocd-jurisdiction/country:us/state:ca/place:huntington_park/government
- name: Fountain Valley
  id: ocd-jurisdiction/country:us/state:ca/place:fountain_valley/government
- name: Novato
  id: ocd-jurisdiction/country:us/state:ca/place:novato/government
- name: Watsonville
  id: ocd-jurisdiction/country:us/state:ca/place:watsonville/government
- name: Aliso Viejo
  id: ocd-jurisdiction/country:us/state:ca/place:aliso_viejo/government
- name: Placentia
  id: ocd-jurisdiction/country:us/state:ca/place:placentia/government
- name: Cerritos
  id: ocd-jurisdiction/country:us/state:ca/place:cerritos/government
- name: Azusa
  id: ocd-jurisdiction/country:us/state:ca/place:azusa/government
- name: San Luis Obispo
  id: ocd-jurisdiction/country:us/state:ca/place:san_luis_obispo/government
- name: Danville
  id: ocd-jurisdiction/country:us/state:ca/place:danville/government
- name: Rohnert Park
  id: ocd-jurisdiction/country:us/state:ca/place:rohnert_park/government
- name: Campbell
  id: ocd-jurisdiction/country:us/state:ca/place:campbell/government
- name: La Puente
  id: ocd-jurisdiction/country:us/state:ca/place:la_puente/government
- name: Culver City
  id: ocd-jurisdiction/country:us/state:ca/place:culver_city/government
- name: Martinez
  id: ocd-jurisdiction/country:us/state:ca/place:martinez/government
- name: West Hollywood
  id: ocd-jurisdiction/country:us/state:ca/place:west_hollywood/government
- name: Claremont
  id: ocd-jurisdiction/country:us/state:ca/place:claremont/government
- name: Menlo Park
  id: ocd-jurisdiction/country:us/state:ca/place:menlo_park/government
- name: Beverly Hills
  id: ocd-jurisdiction/country:us/state:ca/place:beverly_hills/government
- name: Goleta
  id: ocd-jurisdiction/country:us/state:ca/place:goleta/government
- name: Los Altos
  id: ocd-jurisdiction/country:us/state:ca/place:los_altos/government
- name: South Pasadena
  id: ocd-jurisdiction/country:us/state:ca/place:south_pasadena/government
- name: El Cerrito
  id: ocd-jurisdiction/country:us/state:ca/place:el_cerrito/government
- name: Arcata
  id: ocd-jurisdiction/country:us/state:ca/place:arcata/government
- name: Emeryville
  id: ocd-jurisdiction/country:us/state:ca/place:emeryville/government
- name: Calexico
  id: ocd-jurisdiction/country:us/state:ca/place:calexico/government
- name: Walnut
  id: ocd-jurisdiction/country:us/state:ca/place:walnut/government
- name: Covina
  id: ocd-jurisdiction/country:us/state:ca/place:covina/government
- name: Greenfield
  id: ocd-jurisdiction/country:us/state:ca/place:greenfield/government
- name: Santa Clarita
  id: ocd-jurisdiction/country:us/state:ca/place:santa_clarita/government
- name: Clearlake
  id: ocd-jurisdiction/country:us/state:ca/place:clearlake/government
- name: Santee
  id: ocd-jurisdiction/country:us/state:ca/place:santee/government
- name: Nevada City
  id: ocd-jurisdiction/country:us/state:ca/place:nevada_city/government
- name: Mount Shasta
  id: ocd-jurisdiction/country:us/state:ca/place:mount_shasta/government
- name: Laguna Hills
  id: ocd-jurisdiction/country:us/state:ca/place:laguna_hills/government
- name: Chester
  id: ocd-jurisdiction/country:us/state:ca/place:chester/government
- name: La Mirada
  id: ocd-jurisdiction/country:us/state:ca/place:la_mirada/government
- name: Woodland
  id: ocd-jurisdiction/country:us/state:ca/place:woodland/government
- name: Red Bluff
  id: ocd-jurisdiction/country:us/state:ca/place:red_bluff/government
- name: Manhattan Beach
  id: ocd-jurisdiction/country:us/state:ca/place:manhattan_beach/government
- name: Truckee
  id: ocd-jurisdiction/country:us/state:ca/place:truckee/government
- name: Ceres
  id: ocd-jurisdiction/country:us/state:ca/place:ceres/government
- name: Albany
  id: ocd-jurisdiction/country:us/state:ca/place:albany/government
- name: Rancho Mirage
  id: ocd-jurisdiction/country:us/state:ca/place:rancho_mirage/government
- name: Lodi
  id: ocd-jurisdiction/country:us/state:ca/place:lodi/government
- name: Moorpark
  id: ocd-jurisdiction/country:us/state:ca/place:moorpark/government
- name: Bridgeville
  id: ocd-jurisdiction/country:us/state:ca/place:bridgeville/government
- name: Sebastopol
  id: ocd-jurisdiction/country:us/state:ca/place:sebastopol/government
- name: Oakley
  id: ocd-jurisdiction/country:us/state:ca/place:oakley/government
- name: Banning
  id: ocd-jurisdiction/country:us/state:ca/place:banning/government
- name: Duarte
  id: ocd-jurisdiction/country:us/state:ca/place:duarte/government
- name: Lafayette
  id: ocd-jurisdiction/country:us/state:ca/place:lafayette/government
- name: Lynwood
  id: ocd-jurisdiction/country:us/state:ca/place:lynwood/government
- name: Mc Farland
  id: ocd-jurisdiction/country:us/state:ca/place:mc_farland/government
- name: Monterey Park
  id: ocd-jurisdiction/country:us/state:ca/place:monterey_park/government
- name: South Lake Tahoe
  id: ocd-jurisdiction/country:us/state:ca/place:south_lake_tahoe/government
- name: Eastvale
  id: ocd-jurisdiction/country:us/state:ca/place:eastvale/government
- name: San Anselmo
  id: ocd-jurisdiction/country:us/state:ca/place:san_anselmo/government
- name: Cathedral City
  id: ocd-jurisdiction/country:us/state:ca/place:cathedral_city/government
- name: San Pablo
  id: ocd-jurisdiction/country:us/state:ca/place:san_pablo/government
- name: Montrose
  id: ocd-jurisdiction/country:us/state:ca/place:montrose/government
- name: Rancho Santa Margarita
  id: ocd-jurisdiction/country:us/state:ca/place:rancho_santa_margarita/government
- name: Twentynine Palms
  id: ocd-jurisdiction/country:us/state:ca/place:twentynine_palms/government
- name: Palm Springs
  id: ocd-jurisdiction/country:us/state:ca/place:palm_springs/government
- name: Rancho Cordova
  id: ocd-jurisdiction/country:us/state:ca/place:rancho_cordova/government
- name: Galt
  id: ocd-jurisdiction/country:us/state:ca/place:galt/government
- name: Calimesa
  id: ocd-jurisdiction/country:us/state:ca/place:calimesa/government
- name: Pacifica
  id: ocd-jurisdiction/country:us/state:ca/place:pacifica/government
