- name: Columbus
  id: ocd-jurisdiction/country:us/state:oh/place:columbus/government
- name: Cleveland
  id: ocd-jurisdiction/country:us/state:oh/place:cleveland/government
- name: Cincinnati
  id: ocd-jurisdiction/country:us/state:oh/place:cincinnati/government
- name: Toledo
  id: ocd-jurisdiction/country:us/state:oh/place:toledo/government
- name: Akron
  id: ocd-jurisdiction/country:us/state:oh/place:akron/government
- name: Dayton
  id: ocd-jurisdiction/country:us/state:oh/place:dayton/government
- name: Canton
  id: ocd-jurisdiction/country:us/state:oh/place:canton/government
- name: Bowling Green
  id: ocd-jurisdiction/country:us/state:oh/place:bowling_green/government
- name: Youngstown
  id: ocd-jurisdiction/country:us/state:oh/place:youngstown/government
- name: Lakewood
  id: ocd-jurisdiction/country:us/state:oh/place:lakewood/government
- name: Cuyahoga Falls
  id: ocd-jurisdiction/country:us/state:oh/place:cuyahoga_falls/government
- name: Dublin
  id: ocd-jurisdiction/country:us/state:oh/place:dublin/government
- name: Grove City
  id: ocd-jurisdiction/country:us/state:oh/place:grove_city/government
- name: Westerville
  id: ocd-jurisdiction/country:us/state:oh/place:westerville/government
- name: Mason
  id: ocd-jurisdiction/country:us/state:oh/place:mason/government
- name: Kent
  id: ocd-jurisdiction/country:us/state:oh/place:kent/government
- name: Medina
  id: ocd-jurisdiction/country:us/state:oh/place:medina/government
- name: Athens
  id: ocd-jurisdiction/country:us/state:oh/place:athens/government
- name: Pickerington
  id: ocd-jurisdiction/country:us/state:oh/place:pickerington/government
