- name: Virginia Beach
  id: ocd-jurisdiction/country:us/state:va/place:virginia_beach/government
- name: Norfolk
  id: ocd-jurisdiction/country:us/state:va/place:norfolk/government
- name: Arlington
  id: ocd-jurisdiction/country:us/state:va/place:arlington/government
- name: Richmond
  id: ocd-jurisdiction/country:us/state:va/place:richmond/government
- name: Chesapeake
  id: ocd-jurisdiction/country:us/state:va/place:chesapeake/government
- name: Newport News
  id: ocd-jurisdiction/country:us/state:va/place:newport_news/government
- name: Alexandria
  id: ocd-jurisdiction/country:us/state:va/place:alexandria/government
- name: Hampton
  id: ocd-jurisdiction/country:us/state:va/place:hampton/government
- name: Hampton
  id: ocd-jurisdiction/country:us/state:va/place:hampton/government
- name: Roanoke
  id: ocd-jurisdiction/country:us/state:va/place:roanoke/government
- name: Lynchburg
  id: ocd-jurisdiction/country:us/state:va/place:lynchburg/government
- name: Harrisonburg
  id: ocd-jurisdiction/country:us/state:va/place:harrisonburg/government
- name: Leesburg
  id: ocd-jurisdiction/country:us/state:va/place:leesburg/government
- name: Charlottesville
  id: ocd-jurisdiction/country:us/state:va/place:charlottesville/government
- name: Blacksburg
  id: ocd-jurisdiction/country:us/state:va/place:blacksburg/government
- name: Manassas
  id: ocd-jurisdiction/country:us/state:va/place:manassas/government
- name: Winchester
  id: ocd-jurisdiction/country:us/state:va/place:winchester/government
- name: Fredericksburg
  id: ocd-jurisdiction/country:us/state:va/place:fredericksburg/government
- name: Herndon
  id: ocd-jurisdiction/country:us/state:va/place:herndon/government
- name: Fairfax
  id: ocd-jurisdiction/country:us/state:va/place:fairfax/government
- name: Vienna
  id: ocd-jurisdiction/country:us/state:va/place:vienna/government
- name: Williamsburg
  id: ocd-jurisdiction/country:us/state:va/place:williamsburg/government
- name: Falls Church
  id: ocd-jurisdiction/country:us/state:va/place:falls_church/government
- name: Norton
  id: ocd-jurisdiction/country:us/state:va/place:norton/government
- name: Fredericksburg
  id: ocd-jurisdiction/country:us/state:va/place:fredericksburg/government
- name: Chesterfield County
  id: ocd-jurisdiction/country:us/state:va/place:chesterfield_county/government
- name: Henrico
  id: ocd-jurisdiction/country:us/state:va/place:henrico/government
- name: Gainesville
  id: ocd-jurisdiction/country:us/state:va/place:gainesville/government
- name: Portsmouth
  id: ocd-jurisdiction/country:us/state:va/place:portsmouth/government
- name: Warrenton
  id: ocd-jurisdiction/country:us/state:va/place:warrenton/government
- name: Petersburg
  id: ocd-jurisdiction/country:us/state:va/place:petersburg/government
- name: Front Royal
  id: ocd-jurisdiction/country:us/state:va/place:front_royal/government
- name: Chilhowie
  id: ocd-jurisdiction/country:us/state:va/place:chilhowie/government
- name: Bristol
  id: ocd-jurisdiction/country:us/state:va/place:bristol/government
