- name: Chicago
  id: ocd-jurisdiction/country:us/state:il/place:chicago/government
- name: Aurora
  id: ocd-jurisdiction/country:us/state:il/place:aurora/government
- name: Naperville
  id: ocd-jurisdiction/country:us/state:il/place:naperville/government
- name: Joliet
  id: ocd-jurisdiction/country:us/state:il/place:joliet/government
- name: Rockford
  id: ocd-jurisdiction/country:us/state:il/place:rockford/government
- name: Springfield
  id: ocd-jurisdiction/country:us/state:il/place:springfield/government
- name: Elgin
  id: ocd-jurisdiction/country:us/state:il/place:elgin/government
- name: Peoria
  id: ocd-jurisdiction/country:us/state:il/place:peoria/government
- name: Champaign
  id: ocd-jurisdiction/country:us/state:il/place:champaign/government
- name: Waukegan
  id: ocd-jurisdiction/country:us/state:il/place:waukegan/government
- name: Bloomington
  id: ocd-jurisdiction/country:us/state:il/place:bloomington/government
- name: Arlington Heights
  id: ocd-jurisdiction/country:us/state:il/place:arlington heights/government
- name: Bolingbrook
  id: ocd-jurisdiction/country:us/state:il/place:bolingbrook/government
- name: Evanston
  id: ocd-jurisdiction/country:us/state:il/place:evanston/government
- name: Schaumburg
  id: ocd-jurisdiction/country:us/state:il/place:schaumburg/government
- name: Palatine
  id: ocd-jurisdiction/country:us/state:il/place:palatine/government
- name: Skokie
  id: ocd-jurisdiction/country:us/state:il/place:skokie/government
- name: Des Plaines
  id: ocd-jurisdiction/country:us/state:il/place:des plaines/government
- name: Orland Park
  id: ocd-jurisdiction/country:us/state:il/place:orland park/government
- name: Berwyn
  id: ocd-jurisdiction/country:us/state:il/place:berwyn/government
- name: Normal
  id: ocd-jurisdiction/country:us/state:il/place:normal/government
- name: Wheaton
  id: ocd-jurisdiction/country:us/state:il/place:wheaton/government
- name: Oak Park
  id: ocd-jurisdiction/country:us/state:il/place:oak park/government
- name: Downers Grove
  id: ocd-jurisdiction/country:us/state:il/place:downers grove/government
- name: Elmhurst
  id: ocd-jurisdiction/country:us/state:il/place:elmhurst/government
- name: Plainfield
  id: ocd-jurisdiction/country:us/state:il/place:plainfield/government
- name: Urbana
  id: ocd-jurisdiction/country:us/state:il/place:urbana/government
- name: Crystal Lake
  id: ocd-jurisdiction/country:us/state:il/place:crystal lake/government
