- name: Jacksonville
  id: ocd-jurisdiction/country:us/state:fl/place:jacksonville/government
- name: Miami
  id: ocd-jurisdiction/country:us/state:fl/place:miami/government
- name: Tampa
  id: ocd-jurisdiction/country:us/state:fl/place:tampa/government
- name: Saint Petersburg
  id: ocd-jurisdiction/country:us/state:fl/place:saint_petersburg/government
- name: Hialeah
  id: ocd-jurisdiction/country:us/state:fl/place:hialeah/government
- name: Orlando
  id: ocd-jurisdiction/country:us/state:fl/place:orlando/government
- name: Hialeah
  id: ocd-jurisdiction/country:us/state:fl/place:hialeah/government
- name: Port St. Lucie
  id: ocd-jurisdiction/country:us/state:fl/place:port_st_lucie/government
- name: Cape Coral
  id: ocd-jurisdiction/country:us/state:fl/place:cape_coral/government
- name: Tallahassee
  id: ocd-jurisdiction/country:us/state:fl/place:tallahassee/government
- name: Fort Lauderdale
  id: ocd-jurisdiction/country:us/state:fl/place:fort_lauderdale/government
- name: Pembroke Pines
  id: ocd-jurisdiction/country:us/state:fl/place:pembroke_pines/government
- name: Hollywood
  id: ocd-jurisdiction/country:us/state:fl/place:hollywood/government
- name: Miramar
  id: ocd-jurisdiction/country:us/state:fl/place:miramar/government
- name: Gainesville
  id: ocd-jurisdiction/country:us/state:fl/place:gainesville/government
- name: Coral Springs
  id: ocd-jurisdiction/country:us/state:fl/place:coral_springs/government
- name: Clearwater
  id: ocd-jurisdiction/country:us/state:fl/place:clearwater/government
- name: Palm Bay
  id: ocd-jurisdiction/country:us/state:fl/place:palm_bay/government
- name: Lakeland
  id: ocd-jurisdiction/country:us/state:fl/place:lakeland/government
- name: Pompano Beach
  id: ocd-jurisdiction/country:us/state:fl/place:pompano_beach/government
- name: West Palm Beach
  id: ocd-jurisdiction/country:us/state:fl/place:west_palm_beach/government
- name: Lakeland
  id: ocd-jurisdiction/country:us/state:fl/place:lakeland/government
- name: Miami Gardens
  id: ocd-jurisdiction/country:us/state:fl/place:miami_gardens/government
- name: Davie
  id: ocd-jurisdiction/country:us/state:fl/place:davie/government
- name: Boca Raton
  id: ocd-jurisdiction/country:us/state:fl/place:boca_raton/government
- name: Sunrise
  id: ocd-jurisdiction/country:us/state:fl/place:sunrise/government
- name: Plantation
  id: ocd-jurisdiction/country:us/state:fl/place:plantation/government
- name: Deltona
  id: ocd-jurisdiction/country:us/state:fl/place:deltona/government
- name: Miami Beach
  id: ocd-jurisdiction/country:us/state:fl/place:miami_beach/government
- name: Palm Coast
  id: ocd-jurisdiction/country:us/state:fl/place:palm_coast/government
- name: Largo
  id: ocd-jurisdiction/country:us/state:fl/place:largo/government
- name: Melbourne
  id: ocd-jurisdiction/country:us/state:fl/place:melbourne/government
- name: Fort Myers
  id: ocd-jurisdiction/country:us/state:fl/place:fort_myers/government
- name: Boynton Beach
  id: ocd-jurisdiction/country:us/state:fl/place:boynton_beach/government
- name: Kissimmee
  id: ocd-jurisdiction/country:us/state:fl/place:kissimmee/government
- name: Weston
  id: ocd-jurisdiction/country:us/state:fl/place:weston/government
- name: Homestead
  id: ocd-jurisdiction/country:us/state:fl/place:homestead/government
- name: Delray Beach
  id: ocd-jurisdiction/country:us/state:fl/place:delray_beach/government
- name: Jupiter
  id: ocd-jurisdiction/country:us/state:fl/place:jupiter/government
- name: Wellington
  id: ocd-jurisdiction/country:us/state:fl/place:wellington/government
- name: Port Orange
  id: ocd-jurisdiction/country:us/state:fl/place:port_orange/government
- name: Doral
  id: ocd-jurisdiction/country:us/state:fl/place:doral/government
- name: Ocala
  id: ocd-jurisdiction/country:us/state:fl/place:ocala/government
- name: Sanford
  id: ocd-jurisdiction/country:us/state:fl/place:sanford/government
- name: Sarasota
  id: ocd-jurisdiction/country:us/state:fl/place:sarasota/government
- name: Bradenton
  id: ocd-jurisdiction/country:us/state:fl/place:bradenton/government
- name: Palm Beach Gardens
  id: ocd-jurisdiction/country:us/state:fl/place:palm_beach_gardens/government
- name: Apopka
  id: ocd-jurisdiction/country:us/state:fl/place:apopka/government
- name: Pensacola
  id: ocd-jurisdiction/country:us/state:fl/place:pensacola/government
- name: Coral Gables
  id: ocd-jurisdiction/country:us/state:fl/place:coral_gables/government
- name: Winter Garden
  id: ocd-jurisdiction/country:us/state:fl/place:winter_garden/government
- name: Altamonte Springs
  id: ocd-jurisdiction/country:us/state:fl/place:altamonte_springs/government
- name: Oviedo
  id: ocd-jurisdiction/country:us/state:fl/place:oviedo/government
- name: Lake Worth
  id: ocd-jurisdiction/country:us/state:fl/place:lake_worth/government
- name: Clermont
  id: ocd-jurisdiction/country:us/state:fl/place:clermont/government
- name: Deland
  id: ocd-jurisdiction/country:us/state:fl/place:deland/government
- name: Winter Park
  id: ocd-jurisdiction/country:us/state:fl/place:winter_park/government
- name: Naples
  id: ocd-jurisdiction/country:us/state:fl/place:naples/government
- name: Vero Beach
  id: ocd-jurisdiction/country:us/state:fl/place:vero_beach/government
- name: New Port Richey
  id: ocd-jurisdiction/country:us/state:fl/place:new_port_richey/government
- name: Longwood
  id: ocd-jurisdiction/country:us/state:fl/place:longwood/government
- name: Saint Augustine
  id: ocd-jurisdiction/country:us/state:fl/place:saint_augustine/government
- name: Davenport
  id: ocd-jurisdiction/country:us/state:fl/place:davenport/government
- name: Auberndale
  id: ocd-jurisdiction/country:us/state:fl/place:auburndale/government
- name: Ocoee
  id: ocd-jurisdiction/country:us/state:fl/place:ocoee/government
- name: Venice
  id: ocd-jurisdiction/country:us/state:fl/place:venice/government
- name: Redington Shores
  id: ocd-jurisdiction/country:us/state:fl/place:redington_shores/government
- name: Windermere
  id: ocd-jurisdiction/country:us/state:fl/place:windermere/government
- name: North Port
  id: ocd-jurisdiction/country:us/state:fl/place:north_port/government
- name: Jackson County
  id: ocd-jurisdiction/country:us/state:fl/place:jackson_county/government
- name: St. Augustine
  id: ocd-jurisdiction/country:us/state:fl/place:st_augustine/government
- name: Seminole
  id: ocd-jurisdiction/country:us/state:fl/place:seminole/government
- name: Cape Canaveral
  id: ocd-jurisdiction/country:us/state:fl/place:cape_canaveral/government
- name: Fort Walton Beach
  id: ocd-jurisdiction/country:us/state:fl/place:fort_walton_beach/government
- name: Temple Terrace
  id: ocd-jurisdiction/country:us/state:fl/place:temple_terrace/government
