- name: Phoenix
  id: ocd-jurisdiction/country:us/state:az/place:phoenix/government
- name: Tucson
  id: ocd-jurisdiction/country:us/state:az/place:tucson/government
- name: Mesa
  id: ocd-jurisdiction/country:us/state:az/place:mesa/government
- name: Glendale
  id: ocd-jurisdiction/country:us/state:az/place:glendale/government
- name: Gilbert
  id: ocd-jurisdiction/country:us/state:az/place:gilbert/government
- name: Chandler
  id: ocd-jurisdiction/country:us/state:az/place:chandler/government
- name: Glendale
  id: ocd-jurisdiction/country:us/state:az/place:glendale/government
- name: Scottsdale
  id: ocd-jurisdiction/country:us/state:az/place:scottsdale/government
- name: Tempe
  id: ocd-jurisdiction/country:us/state:az/place:tempe/government
- name: Peoria
  id: ocd-jurisdiction/country:us/state:az/place:peoria/government
- name: Surprise
  id: ocd-jurisdiction/country:us/state:az/place:surprise/government
- name: Yuma
  id: ocd-jurisdiction/country:us/state:az/place:yuma/government
- name: Avondale
  id: ocd-jurisdiction/country:us/state:az/place:avondale/government
- name: Goodyear
  id: ocd-jurisdiction/country:us/state:az/place:goodyear/government
- name: Buckeye
  id: ocd-jurisdiction/country:us/state:az/place:buckeye/government
- name: Flagstaff
  id: ocd-jurisdiction/country:us/state:az/place:flagstaff/government
- name: Prescott
  id: ocd-jurisdiction/country:us/state:az/place:prescott/government
- name: Maricopa
  id: ocd-jurisdiction/country:us/state:az/place:maricopa/government
- name: Maricopa
  id: ocd-jurisdiction/country:us/state:az/place:maricopa/government
- name: Florence
  id: ocd-jurisdiction/country:us/state:az/place:florence/government
- name: Sahuarita
  id: ocd-jurisdiction/country:us/state:az/place:sahuarita/government
- name: San Luis
  id: ocd-jurisdiction/country:us/state:az/place:san_luis/government
