- name: Baltimore
  id: ocd-jurisdiction/country:us/state:md/place:baltimore/government
- name: Frederick
  id: ocd-jurisdiction/country:us/state:md/place:frederick/government
- name: Gaithersburg
  id: ocd-jurisdiction/country:us/state:md/place:gaithersburg/government
- name: Rockville
  id: ocd-jurisdiction/country:us/state:md/place:rockville/government
- name: Chevy Chase
  id: ocd-jurisdiction/country:us/state:md/place:chevy_chase/government
- name: Bowie
  id: ocd-jurisdiction/country:us/state:md/place:bowie/government
- name: Hagerstown
  id: ocd-jurisdiction/country:us/state:md/place:hagerstown/government
- name: Annapolis
  id: ocd-jurisdiction/country:us/state:md/place:annapolis/government
- name: College Park
  id: ocd-jurisdiction/country:us/state:md/place:college_park/government
- name: Laurel
  id: ocd-jurisdiction/country:us/state:md/place:laurel/government
- name: Hyattsville
  id: ocd-jurisdiction/country:us/state:md/place:hyattsville/government
- name: Bel Air
  id: ocd-jurisdiction/country:us/state:md/place:bel_air/government
- name: Waldorf
  id: ocd-jurisdiction/country:us/state:md/place:waldorf/government
- name: Upper Marlboro
  id: ocd-jurisdiction/country:us/state:md/place:upper_marlboro/government
- name: Mount Airy
  id: ocd-jurisdiction/country:us/state:md/place:mount_airy/government
- name: Charles County
  id: ocd-jurisdiction/country:us/state:md/place:charles_county/government
- name: Leonardtown
  id: ocd-jurisdiction/country:us/state:md/place:leonardtown/government
- name: Columbia
  id: ocd-jurisdiction/country:us/state:md/place:columbia/government
- name: Greenbelt
  id: ocd-jurisdiction/country:us/state:md/place:greenbelt_/government
- name: Baltimore County
  id: ocd-jurisdiction/country:us/state:md/place:baltimore_county/government
- name: Harford
  id: ocd-jurisdiction/country:us/state:md/place:harford/government
