- name: Philadelphia
  id: ocd-jurisdiction/country:us/state:pa/place:philadelphia/government
- name: Pittsburgh
  id: ocd-jurisdiction/country:us/state:pa/place:pittsburgh/government
- name: Allentown
  id: ocd-jurisdiction/country:us/state:pa/place:allentown/government
- name: Erie
  id: ocd-jurisdiction/country:us/state:pa/place:erie/government
- name: Reading
  id: ocd-jurisdiction/country:us/state:pa/place:reading/government
- name: Scranton
  id: ocd-jurisdiction/country:us/state:pa/place:scranton/government
- name: Bethlehem
  id: ocd-jurisdiction/country:us/state:pa/place:bethlehem/government
- name: Lancaster
  id: ocd-jurisdiction/country:us/state:pa/place:lancaster/government
- name: Harrisburg
  id: ocd-jurisdiction/country:us/state:pa/place:harrisburg/government
- name: York
  id: ocd-jurisdiction/country:us/state:pa/place:york/government
- name: State College
  id: ocd-jurisdiction/country:us/state:pa/place:state_college/government
- name: Easton
  id: ocd-jurisdiction/country:us/state:pa/place:easton/government
- name: Pottstown
  id: ocd-jurisdiction/country:us/state:pa/place:pottstown/government
- name: West Chester
  id: ocd-jurisdiction/country:us/state:pa/place:west_chester/government
- name: Phoenixville
  id: ocd-jurisdiction/country:us/state:pa/place:phoenixville/government
- name: Lansdale
  id: ocd-jurisdiction/country:us/state:pa/place:lansdale/government
- name: Mechanicsburg
  id: ocd-jurisdiction/country:us/state:pa/place:mechanicsburg/government
- name: Doylestown
  id: ocd-jurisdiction/country:us/state:pa/place:doylestown/government
- name: Downingtown
  id: ocd-jurisdiction/country:us/state:pa/place:downingtown/government
- name: Media
  id: ocd-jurisdiction/country:us/state:pa/place:media/government
