- name: Bridgeport
  id: ocd-jurisdiction/country:us/state:ct/place:bridgeport/government
- name: New Haven
  id: ocd-jurisdiction/country:us/state:ct/place:new_haven/government
- name: Stamford
  id: ocd-jurisdiction/country:us/state:ct/place:stamford/government
- name: Hartford
  id: ocd-jurisdiction/country:us/state:ct/place:hartford/government
- name: Waterbury
  id: ocd-jurisdiction/country:us/state:ct/place:waterbury/government
- name: Norwalk
  id: ocd-jurisdiction/country:us/state:ct/place:norwalk/government
- name: Danbury
  id: ocd-jurisdiction/country:us/state:ct/place:danbury/government
- name: West Hartford
  id: ocd-jurisdiction/country:us/state:ct/place:west_hartford/government
- name: Hamden
  id: ocd-jurisdiction/country:us/state:ct/place:hamden/government
- name: Fairfield
  id: ocd-jurisdiction/country:us/state:ct/place:fairfield/government
- name: Milford
  id: ocd-jurisdiction/country:us/state:ct/place:milford/government
- name: Stratford
  id: ocd-jurisdiction/country:us/state:ct/place:stratford/government
- name: Brookfield
  id: ocd-jurisdiction/country:us/state:ct/place:brookfield/government
- name: Newington
  id: ocd-jurisdiction/country:us/state:ct/place:newington/government
- name: Stratford
  id: ocd-jurisdiction/country:us/state:ct/place:stratford/government
- name: Willimantic
  id: ocd-jurisdiction/country:us/state:ct/place:willimantic/government
- name: Ansonia
  id: ocd-jurisdiction/country:us/state:ct/place:ansonia/government
- name: Cromwell
  id: ocd-jurisdiction/country:us/state:ct/place:cromwell/government
- name: New Britain
  id: ocd-jurisdiction/country:us/state:ct/place:new_britain/government
