- name: Charlotte
  id: ocd-jurisdiction/country:us/state:nc/place:charlotte/government
- name: Raleigh
  id: ocd-jurisdiction/country:us/state:nc/place:raleigh/government
- name: Greensboro
  id: ocd-jurisdiction/country:us/state:nc/place:greensboro/government
- name: Winston Salem
  id: ocd-jurisdiction/country:us/state:nc/place:winston_salem/government
- name: Durham
  id: ocd-jurisdiction/country:us/state:nc/place:durham/government
- name: Fayetteville
  id: ocd-jurisdiction/country:us/state:nc/place:fayetteville/government
- name: Cary
  id: ocd-jurisdiction/country:us/state:nc/place:cary/government
- name: Wilmington
  id: ocd-jurisdiction/country:us/state:nc/place:wilmington/government
- name: North Charleston
  id: ocd-jurisdiction/country:us/state:nc/place:north_charleston/government
- name: High Point
  id: ocd-jurisdiction/country:us/state:nc/place:high_point/government
- name: Concord
  id: ocd-jurisdiction/country:us/state:nc/place:concord/government
- name: Greenville
  id: ocd-jurisdiction/country:us/state:nc/place:greenville/government
- name: Asheville
  id: ocd-jurisdiction/country:us/state:nc/place:asheville/government
- name: Gastonia
  id: ocd-jurisdiction/country:us/state:nc/place:gastonia/government
- name: Chapel Hill
  id: ocd-jurisdiction/country:us/state:nc/place:chapel_hill/government
- name: Huntersville
  id: ocd-jurisdiction/country:us/state:nc/place:huntersville/government
- name: Apex
  id: ocd-jurisdiction/country:us/state:nc/place:apex/government
- name: Wake Forest
  id: ocd-jurisdiction/country:us/state:nc/place:wake_forest/government
- name: Mooresville
  id: ocd-jurisdiction/country:us/state:nc/place:mooresville/government
- name: Holly Springs
  id: ocd-jurisdiction/country:us/state:nc/place:holly_springs/government
- name: Matthews
  id: ocd-jurisdiction/country:us/state:nc/place:matthews/government
- name: Carrboro
  id: ocd-jurisdiction/country:us/state:nc/place:carrboro/government
- name: Boone
  id: ocd-jurisdiction/country:us/state:nc/place:boone/government
- name: Waxhaw
  id: ocd-jurisdiction/country:us/state:nc/place:waxhaw/government
- name: Lenoir
  id: ocd-jurisdiction/country:us/state:nc/place:lenoir/government
- name: Shallotte
  id: ocd-jurisdiction/country:us/state:nc/place:shallotte/government
- name: Clayton
  id: ocd-jurisdiction/country:us/state:nc/place:clayton/government
- name: Winterville
  id: ocd-jurisdiction/country:us/state:nc/place:winterville/government
- name: Fuquay-Varina
  id: ocd-jurisdiction/country:us/state:nc/place:fuquay_varina/government
- name: Havelock
  id: ocd-jurisdiction/country:us/state:nc/place:havelock/government
- name: Hendersonville
  id: ocd-jurisdiction/country:us/state:nc/place:hendersonville/government
- name: Statesville
  id: ocd-jurisdiction/country:us/state:nc/place:statesville/government
- name: Kernersville
  id: ocd-jurisdiction/country:us/state:nc/place:kernersville/government
- name: Monroe
  id: ocd-jurisdiction/country:us/state:nc/place:monroe/government
- name: Archer Lodge
  id: ocd-jurisdiction/country:us/state:nc/place:archer_lodge/government
- name: Morrisville
  id: ocd-jurisdiction/country:us/state:nc/place:morrisville/government
- name: Pinehurst
  id: ocd-jurisdiction/country:us/state:nc/place:pinehurst/government
- name: Wilson
  id: ocd-jurisdiction/country:us/state:nc/place:wilson/government
- name: Belmont
  id: ocd-jurisdiction/country:us/state:nc/place:belmont/government
