- name: Seattle
  id: ocd-jurisdiction/country:us/state:wa/place:seattle/government
- name: Tacoma
  id: ocd-jurisdiction/country:us/state:wa/place:tacoma/government
- name: Spokane
  id: ocd-jurisdiction/country:us/state:wa/place:spokane/government
- name: Vancouver
  id: ocd-jurisdiction/country:us/state:wa/place:vancouver/government
- name: Bellevue
  id: ocd-jurisdiction/country:us/state:wa/place:bellevue/government
- name: Kent
  id: ocd-jurisdiction/country:us/state:wa/place:kent/government
- name: Everett
  id: ocd-jurisdiction/country:us/state:wa/place:everett/government
- name: Renton
  id: ocd-jurisdiction/country:us/state:wa/place:renton/government
- name: Spokane Valley
  id: ocd-jurisdiction/country:us/state:wa/place:spokane_valley/government
- name: Federal Way
  id: ocd-jurisdiction/country:us/state:wa/place:federal_way/government
- name: Yakima
  id: ocd-jurisdiction/country:us/state:wa/place:yakima/government
- name: Bellingham
  id: ocd-jurisdiction/country:us/state:wa/place:bellingham/government
- name: Kirkland
  id: ocd-jurisdiction/country:us/state:wa/place:kirkland/government
- name: Kennewick
  id: ocd-jurisdiction/country:us/state:wa/place:kennewick/government
- name: Auburn
  id: ocd-jurisdiction/country:us/state:wa/place:auburn/government
- name: Redmond
  id: ocd-jurisdiction/country:us/state:wa/place:redmond/government
- name: Sammamish
  id: ocd-jurisdiction/country:us/state:wa/place:sammamish/government
- name: Shoreline
  id: ocd-jurisdiction/country:us/state:wa/place:shoreline/government
- name: Olympia
  id: ocd-jurisdiction/country:us/state:wa/place:olympia/government
- name: Bothell
  id: ocd-jurisdiction/country:us/state:wa/place:bothell/government
- name: Edmonds
  id: ocd-jurisdiction/country:us/state:wa/place:edmonds/government
- name: Puyallup
  id: ocd-jurisdiction/country:us/state:wa/place:puyallup/government
- name: Bremerton
  id: ocd-jurisdiction/country:us/state:wa/place:bremerton/government
- name: Issaquah
  id: ocd-jurisdiction/country:us/state:wa/place:issaquah/government
- name: Lynnwood
  id: ocd-jurisdiction/country:us/state:wa/place:lynnwood/government
- name: Pullman
  id: ocd-jurisdiction/country:us/state:wa/place:pullman/government
- name: Milton
  id: ocd-jurisdiction/country:us/state:wa/place:milton/government
- name: Richland
  id: ocd-jurisdiction/country:us/state:wa/place:richland/government
- name: Selah
  id: ocd-jurisdiction/country:us/state:wa/place:selah/government
- name: Mount Vernon
  id: ocd-jurisdiction/country:us/state:wa/place:mount_vernon/government
- name: Ellensburg
  id: ocd-jurisdiction/country:us/state:wa/place:ellensburg/government
- name: Mountlake Terrace
  id: ocd-jurisdiction/country:us/state:wa/place:mountlake_terrace/government
- name: Kenmore
  id: ocd-jurisdiction/country:us/state:wa/place:kenmore/government
- name: Snohomish
  id: ocd-jurisdiction/country:us/state:wa/place:snohomish/government
- name: Camas
  id: ocd-jurisdiction/country:us/state:wa/place:camas/government
- name: Duvall
  id: ocd-jurisdiction/country:us/state:wa/place:duvall/government
- name: East Wenatchee
  id: ocd-jurisdiction/country:us/state:wa/place:east_wenatchee/government
- name: Lakewood
  id: ocd-jurisdiction/country:us/state:wa/place:lakewood/government
- name: Oak Harbor
  id: ocd-jurisdiction/country:us/state:wa/place:oak_harbor/government
- name: Marysville
  id: ocd-jurisdiction/country:us/state:wa/place:marysville/government
- name: Burien
  id: ocd-jurisdiction/country:us/state:wa/place:burien/government
