- name: Birmingham
  id: ocd-jurisdiction/country:us/state:al/place:birmingham/government
- name: Huntsville
  id: ocd-jurisdiction/country:us/state:al/place:huntsville/government
- name: Montgomery
  id: ocd-jurisdiction/country:us/state:al/place:montgomery/government
- name: Mobile
  id: ocd-jurisdiction/country:us/state:al/place:mobile/government
- name: Tuscaloosa
  id: ocd-jurisdiction/country:us/state:al/place:tuscaloosa/government
- name: Hoover
  id: ocd-jurisdiction/country:us/state:al/place:hoover/government
- name: Auburn
  id: ocd-jurisdiction/country:us/state:al/place:auburn/government
- name: Madison
  id: ocd-jurisdiction/country:us/state:al/place:madison/government
- name: Alabaster
  id: ocd-jurisdiction/country:us/state:al/place:alabaster/government
- name: Vestavia Hills
  id: ocd-jurisdiction/country:us/state:al/place:vestavia_hills/government
- name: Ozark
  id: ocd-jurisdiction/country:us/state:al/place:ozark/government
