- name: Salt Lake City
  id: ocd-jurisdiction/country:us/state:ut/place:salt_lake_city/government
- name: West Valley City
  id: ocd-jurisdiction/country:us/state:ut/place:west_valley_city/government
- name: Provo
  id: ocd-jurisdiction/country:us/state:ut/place:provo/government
- name: West Jordan
  id: ocd-jurisdiction/country:us/state:ut/place:west_jordan/government
- name: Orem
  id: ocd-jurisdiction/country:us/state:ut/place:orem/government
- name: Sandy
  id: ocd-jurisdiction/country:us/state:ut/place:sandy/government
- name: Ogden
  id: ocd-jurisdiction/country:us/state:ut/place:ogden/government
- name: Layton
  id: ocd-jurisdiction/country:us/state:ut/place:layton/government
- name: South Jordan
  id: ocd-jurisdiction/country:us/state:ut/place:south_jordan/government
- name: Logan
  id: ocd-jurisdiction/country:us/state:ut/place:logan/government
- name: Draper
  id: ocd-jurisdiction/country:us/state:ut/place:draper/government
- name: Saratoga Springs
  id: ocd-jurisdiction/country:us/state:ut/place:saratoga_springs/government
- name: Bluffdale
  id: ocd-jurisdiction/country:us/state:ut/place:bluffdale/government
- name: Lehi
  id: ocd-jurisdiction/country:us/state:ut/place:lehi/government
- name: Eagle Mountain
  id: ocd-jurisdiction/country:us/state:ut/place:eagle_mountain/government
- name: Midvale
  id: ocd-jurisdiction/country:us/state:ut/place:midvale_/government
- name: Pleasant Grove
  id: ocd-jurisdiction/country:us/state:ut/place:pleasant_grove/government
- name: Bountiful
  id: ocd-jurisdiction/country:us/state:ut/place:bountiful/government
