- name: Des Moines
  id: ocd-jurisdiction/country:us/state:ia/place:des_moines/government
- name: Cedar Rapids
  id: ocd-jurisdiction/country:us/state:ia/place:cedar_rapids/government
- name: Davenport
  id: ocd-jurisdiction/country:us/state:ia/place:davenport/government
- name: Sioux City
  id: ocd-jurisdiction/country:us/state:ia/place:sioux_city/government
- name: Iowa City
  id: ocd-jurisdiction/country:us/state:ia/place:iowa_city/government
- name: Ames
  id: ocd-jurisdiction/country:us/state:ia/place:ames/government
- name: West Des Moines
  id: ocd-jurisdiction/country:us/state:ia/place:west_des_moines/government
- name: Ankeny
  id: ocd-jurisdiction/country:us/state:ia/place:ankeny/government
- name: Dubuque
  id: ocd-jurisdiction/country:us/state:ia/place:dubuque/government
- name: Cedar Falls
  id: ocd-jurisdiction/country:us/state:ia/place:cedar_falls/government
- name: Urbandale
  id: ocd-jurisdiction/country:us/state:ia/place:urbandale/government
- name: Council Bluffs
  id: ocd-jurisdiction/country:us/state:ia/place:council_bluffs/government
- name: Denison
  id: ocd-jurisdiction/country:us/state:ia/place:denison/government
