- name: Memphis
  id: ocd-jurisdiction/country:us/state:tn/place:memphis/government
- name: Nashville
  id: ocd-jurisdiction/country:us/state:tn/place:nashville/government
- name: Knoxville
  id: ocd-jurisdiction/country:us/state:tn/place:knoxville/government
- name: Chattanooga
  id: ocd-jurisdiction/country:us/state:tn/place:chattanooga/government
- name: Clarksville
  id: ocd-jurisdiction/country:us/state:tn/place:clarksville/government
- name: Clarksville
  id: ocd-jurisdiction/country:us/state:tn/place:clarksville/government
- name: Murfreesboro
  id: ocd-jurisdiction/country:us/state:tn/place:murfreesboro/government
- name: Franklin
  id: ocd-jurisdiction/country:us/state:tn/place:franklin/government
- name: Johnson City
  id: ocd-jurisdiction/country:us/state:tn/place:johnson_city/government
- name: Cordova
  id: ocd-jurisdiction/country:us/state:tn/place:cordova/government
- name: Hendersonville
  id: ocd-jurisdiction/country:us/state:tn/place:hendersonville/government
- name: Cleveland
  id: ocd-jurisdiction/country:us/state:tn/place:cleveland/government
- name: Brentwood
  id: ocd-jurisdiction/country:us/state:tn/place:brentwood/government
- name: Cookeville
  id: ocd-jurisdiction/country:us/state:tn/place:cookeville/government
- name: Bartlett
  id: ocd-jurisdiction/country:us/state:tn/place:bartlett/government
- name: Red Bank
  id: ocd-jurisdiction/country:us/state:tn/place:red_bank/government
- name: Monterey
  id: ocd-jurisdiction/country:us/state:tn/place:monterey/government
- name: Atoka
  id: ocd-jurisdiction/country:us/state:tn/place:atoka/government
- name: Jackson
  id: ocd-jurisdiction/country:us/state:tn/place:jackson/government
- name: Montgomery County
  id: ocd-jurisdiction/country:us/state:tn/place:montgomery_county/government
- name: Lakeland
  id: ocd-jurisdiction/country:us/state:tn/place:lakeland/government
- name: Bristol
  id: ocd-jurisdiction/country:us/state:tn/place:bristol/government
- name: Germantown
  id: ocd-jurisdiction/country:us/state:tn/place:germantown/government
