- name: New Orleans
  id: ocd-jurisdiction/country:us/state:la/place:new_orleans/government
- name: Baton Rouge
  id: ocd-jurisdiction/country:us/state:la/place:baton_rouge/government
- name: Shreveport
  id: ocd-jurisdiction/country:us/state:la/place:shreveport/government
- name: Lafayette
  id: ocd-jurisdiction/country:us/state:la/place:lafayette/government
- name: Lake Charles
  id: ocd-jurisdiction/country:us/state:la/place:lake_charles/government
- name: Slidell
  id: ocd-jurisdiction/country:us/state:la/place:slidell/government
- name: Bogalusa
  id: ocd-jurisdiction/country:us/state:la/place:bogalusa/government
- name: Gretna
  id: ocd-jurisdiction/country:us/state:la/place:gretna/government
- name: Cotton Valley
  id: ocd-jurisdiction/country:us/state:la/place:cotton_valley/government
