- name: Charleston
  id: ocd-jurisdiction/country:us/state:sc/place:charleston/government
- name: Columbia
  id: ocd-jurisdiction/country:us/state:sc/place:columbia/government
- name: Mount Pleasant
  id: ocd-jurisdiction/country:us/state:sc/place:mount_pleasant/government
- name: Rock Hill
  id: ocd-jurisdiction/country:us/state:sc/place:rock_hill/government
- name: Greenville
  id: ocd-jurisdiction/country:us/state:sc/place:greenville/government
- name: Summerville
  id: ocd-jurisdiction/country:us/state:sc/place:summerville/government
- name: Spartanburg
  id: ocd-jurisdiction/country:us/state:sc/place:spartanburg/government
- name: Myrtle Beach
  id: ocd-jurisdiction/country:us/state:sc/place:myrtle_beach/government
- name: Simpsonville
  id: ocd-jurisdiction/country:us/state:sc/place:simpsonville/government
- name: Fort Mill
  id: ocd-jurisdiction/country:us/state:sc/place:fort_mill/government
- name: Lexington
  id: ocd-jurisdiction/country:us/state:sc/place:lexington/government
- name: Conway
  id: ocd-jurisdiction/country:us/state:sc/place:conway/government
- name: Bluffton
  id: ocd-jurisdiction/country:us/state:sc/place:bluffton/government
- name: Port Royal
  id: ocd-jurisdiction/country:us/state:sc/place:port_royal/government
- name: Beaufort
  id: ocd-jurisdiction/country:us/state:sc/place:beaufort/government
- name: Goose Creek
  id: ocd-jurisdiction/country:us/state:sc/place:goose_creek/government
- name: Fountain Inn
  id: ocd-jurisdiction/country:us/state:sc/place:fountain_inn/government
- name: Mauldin
  id: ocd-jurisdiction/country:us/state:sc/place:mauldin/government
- name: Greer
  id: ocd-jurisdiction/country:us/state:sc/place:greer/government
- name: Travelers Rest
  id: ocd-jurisdiction/country:us/state:sc/place:travelers_rest/government
- name: Greenwood
  id: ocd-jurisdiction/country:us/state:sc/place:greenwood/government
