- name: Louisville
  id: ocd-jurisdiction/country:us/state:ky/place:louisville/government
- name: Lexington
  id: ocd-jurisdiction/country:us/state:ky/place:lexington/government
- name: Bowling Green
  id: ocd-jurisdiction/country:us/state:ky/place:bowling_green/government
- name: Owensboro
  id: ocd-jurisdiction/country:us/state:ky/place:owensboro/government
- name: Richmond
  id: ocd-jurisdiction/country:us/state:ky/place:richmond/government
- name: Marion
  id: ocd-jurisdiction/country:us/state:ky/place:marion/government
- name: Prospect
  id: ocd-jurisdiction/country:us/state:ky/place:prospect/government
- name: Versailles
  id: ocd-jurisdiction/country:us/state:ky/place:versailles/government
