- name: New York
  id: ocd-jurisdiction/country:us/state:ny/place:new_york/government
- name: Buffalo
  id: ocd-jurisdiction/country:us/state:ny/place:buffalo/government
- name: Rochester
  id: ocd-jurisdiction/country:us/state:ny/place:rochester/government
- name: Huntington
  id: ocd-jurisdiction/country:us/state:ny/place:huntington/government
- name: Huntington Station
  id: ocd-jurisdiction/country:us/state:ny/place:huntington_station/government
- name: Yonkers
  id: ocd-jurisdiction/country:us/state:ny/place:yonkers/government
- name: Syracuse
  id: ocd-jurisdiction/country:us/state:ny/place:syracuse/government
- name: Albany
  id: ocd-jurisdiction/country:us/state:ny/place:albany/government
- name: New Rochelle
  id: ocd-jurisdiction/country:us/state:ny/place:new_rochelle/government
- name: Mount Vernon
  id: ocd-jurisdiction/country:us/state:ny/place:mount_vernon/government
- name: Schenectady
  id: ocd-jurisdiction/country:us/state:ny/place:schenectady/government
- name: White Plains
  id: ocd-jurisdiction/country:us/state:ny/place:white_plains/government
- name: Troy
  id: ocd-jurisdiction/country:us/state:ny/place:troy/government
- name: Binghamton
  id: ocd-jurisdiction/country:us/state:ny/place:binghamton/government
- name: Valley Stream
  id: ocd-jurisdiction/country:us/state:ny/place:valley_stream/government
- name: Ithaca
  id: ocd-jurisdiction/country:us/state:ny/place:ithaca/government
- name: Poughkeepsie
  id: ocd-jurisdiction/country:us/state:ny/place:poughkeepsie/government
- name: Saratoga Springs
  id: ocd-jurisdiction/country:us/state:ny/place:saratoga_springs/government
- name: Lindenhurst
  id: ocd-jurisdiction/country:us/state:ny/place:lindenhurst/government
- name: Kingston
  id: ocd-jurisdiction/country:us/state:ny/place:kingston/government
- name: Massapequa
  id: ocd-jurisdiction/country:us/state:ny/place:massapequa/government
- name: Scarsdale
  id: ocd-jurisdiction/country:us/state:ny/place:scarsdale/government
- name: Port Washington
  id: ocd-jurisdiction/country:us/state:ny/place:port_washington/government
- name: New Paltz
  id: ocd-jurisdiction/country:us/state:ny/place:new_paltz/government
- name: New Hyde Park
  id: ocd-jurisdiction/country:us/state:ny/place:new_hyde_park/government
- name: Pittsford
  id: ocd-jurisdiction/country:us/state:ny/place:pittsford/government
- name: Boiceville
  id: ocd-jurisdiction/country:us/state:ny/place:boiceville/government
- name: Kingston
  id: ocd-jurisdiction/country:us/state:ny/place:kingston/government
- name: Lewisboro
  id: ocd-jurisdiction/country:us/state:ny/place:lewisboro/government
- name: New Hartford
  id: ocd-jurisdiction/country:us/state:ny/place:new_hartford/government
- name: Lake Grove
  id: ocd-jurisdiction/country:us/state:ny/place:lake_grove/government
- name: Nyack
  id: ocd-jurisdiction/country:us/state:ny/place:nyack/government
- name: Mineola
  id: ocd-jurisdiction/country:us/state:ny/place:mineola/government
- name: Orangetown
  id: ocd-jurisdiction/country:us/state:ny/place:orangetown/government
- name: Hempstead
  id: ocd-jurisdiction/country:us/state:ny/place:hempstead/government
- name: Great Neck
  id: ocd-jurisdiction/country:us/state:ny/place:great_neck/government
- name: Carmel
  id: ocd-jurisdiction/country:us/state:ny/place:carmel/government
- name: Lynbrook
  id: ocd-jurisdiction/country:us/state:ny/place:lynbrook/government
- name: Hamburg
  id: ocd-jurisdiction/country:us/state:ny/place:hamburg/government
- name: Glen Cove
  id: ocd-jurisdiction/country:us/state:ny/place:glen_cove/government
- name: Greenburgh
  id: ocd-jurisdiction/country:us/state:ny/place:greenburgh/government
- name: Patchogue
  id: ocd-jurisdiction/country:us/state:ny/place:patchogue/government
- name: Spencerport
  id: ocd-jurisdiction/country:us/state:ny/place:spencerport/government
- name: East Aurora
  id: ocd-jurisdiction/country:us/state:ny/place:east_aurora/government
- name: Oswego
  id: ocd-jurisdiction/country:us/state:ny/place:oswego/government
- name: Smithtown
  id: ocd-jurisdiction/country:us/state:ny/place:smithtown/government
- name: Endicott
  id: ocd-jurisdiction/country:us/state:ny/place:endicott/government
- name: Tivoli
  id: ocd-jurisdiction/country:us/state:ny/place:tivoli/government
- name: Nassau County
  id: ocd-jurisdiction/country:us/state:ny/place:nassau_county/government
- name: Dobbs Ferry
  id: ocd-jurisdiction/country:us/state:ny/place:dobbs_ferry/government
