- name: Oklahoma City
  id: ocd-jurisdiction/country:us/state:ok/place:oklahoma_city/government
- name: Tulsa
  id: ocd-jurisdiction/country:us/state:ok/place:tulsa/government
- name: Norman
  id: ocd-jurisdiction/country:us/state:ok/place:norman/government
- name: Broken Arrow
  id: ocd-jurisdiction/country:us/state:ok/place:broken_arrow/government
- name: Edmond
  id: ocd-jurisdiction/country:us/state:ok/place:edmond/government
- name: Stillwater
  id: ocd-jurisdiction/country:us/state:ok/place:stillwater/government
- name: Shawnee
  id: ocd-jurisdiction/country:us/state:ok/place:shawnee/government
- name: Moore
  id: ocd-jurisdiction/country:us/state:ok/place:moore/government
- name: Yukon
  id: ocd-jurisdiction/country:us/state:ok/place:yukon/government
- name: Seminole
  id: ocd-jurisdiction/country:us/state:ok/place:seminole/government
