- name: Boston
  id: ocd-jurisdiction/country:us/state:ma/place:boston/government
- name: Worcester
  id: ocd-jurisdiction/country:us/state:ma/place:worcester/government
- name: Springfield
  id: ocd-jurisdiction/country:us/state:ma/place:springfield/government
- name: Springfield
  id: ocd-jurisdiction/country:us/state:ma/place:springfield/government
- name: Cambridge
  id: ocd-jurisdiction/country:us/state:ma/place:cambridge/government
- name: Lowell
  id: ocd-jurisdiction/country:us/state:ma/place:lowell/government
- name: Lynn
  id: ocd-jurisdiction/country:us/state:ma/place:lynn/government
- name: Quincy
  id: ocd-jurisdiction/country:us/state:ma/place:quincy/government
- name: Somerville
  id: ocd-jurisdiction/country:us/state:ma/place:somerville/government
- name: Framingham
  id: ocd-jurisdiction/country:us/state:ma/place:framingham/government
- name: Waltham
  id: ocd-jurisdiction/country:us/state:ma/place:waltham/government
- name: Malden
  id: ocd-jurisdiction/country:us/state:ma/place:malden/government
- name: Brookline
  id: ocd-jurisdiction/country:us/state:ma/place:brookline/government
- name: Medford
  id: ocd-jurisdiction/country:us/state:ma/place:medford/government
- name: Salem
  id: ocd-jurisdiction/country:us/state:ma/place:salem/government
- name: Arlington
  id: ocd-jurisdiction/country:us/state:ma/place:arlington/government
- name: Amherst
  id: ocd-jurisdiction/country:us/state:ma/place:amherst/government
- name: Northampton
  id: ocd-jurisdiction/country:us/state:ma/place:northampton/government
- name: Beverly
  id: ocd-jurisdiction/country:us/state:ma/place:beverly/government
- name: Woburn
  id: ocd-jurisdiction/country:us/state:ma/place:woburn/government
- name: Swansea
  id: ocd-jurisdiction/country:us/state:ma/place:swansea/government
- name: New Bedford
  id: ocd-jurisdiction/country:us/state:ma/place:new_bedford/government
- name: Newbury
  id: ocd-jurisdiction/country:us/state:ma/place:newbury/government
- name: Peabody
  id: ocd-jurisdiction/country:us/state:ma/place:peabody/government
- name: Everett
  id: ocd-jurisdiction/country:us/state:ma/place:everett/government
- name: Wayland
  id: ocd-jurisdiction/country:us/state:ma/place:wayland/government
- name: Westfield
  id: ocd-jurisdiction/country:us/state:ma/place:westfield/government
- name: Easthampton
  id: ocd-jurisdiction/country:us/state:ma/place:easthampton/government
- name: North Adams
  id: ocd-jurisdiction/country:us/state:ma/place:north_adams/government
