- name: Milwaukee
  id: ocd-jurisdiction/country:us/state:wi/place:milwaukee/government
- name: Madison
  id: ocd-jurisdiction/country:us/state:wi/place:madison/government
- name: Green Bay
  id: ocd-jurisdiction/country:us/state:wi/place:green_bay/government
- name: Kenosha
  id: ocd-jurisdiction/country:us/state:wi/place:kenosha/government
- name: Racine
  id: ocd-jurisdiction/country:us/state:wi/place:racine/government
- name: Appleton
  id: ocd-jurisdiction/country:us/state:wi/place:appleton/government
- name: Waukesha
  id: ocd-jurisdiction/country:us/state:wi/place:waukesha/government
- name: Oshkosh
  id: ocd-jurisdiction/country:us/state:wi/place:oshkosh/government
- name: Eau Claire
  id: ocd-jurisdiction/country:us/state:wi/place:eau_claire/government
- name: La Crosse
  id: ocd-jurisdiction/country:us/state:wi/place:la_crosse/government
- name: Sheboygan
  id: ocd-jurisdiction/country:us/state:wi/place:sheboygan/government
- name: Manitowoc
  id: ocd-jurisdiction/country:us/state:wi/place:manitowoc/government
- name: Brookfield
  id: ocd-jurisdiction/country:us/state:wi/place:brookfield/government
- name: Wauwatosa
  id: ocd-jurisdiction/country:us/state:wi/place:wauwatosa/government
- name: Sun Prairie
  id: ocd-jurisdiction/country:us/state:wi/place:sun_prairie/government
- name: Janesville
  id: ocd-jurisdiction/country:us/state:wi/place:janesville/government
