- name: Denver
  id: ocd-jurisdiction/country:us/state:co/place:denver/government
- name: Colorado Springs
  id: ocd-jurisdiction/country:us/state:co/place:colorado_springs/government
- name: Aurora
  id: ocd-jurisdiction/country:us/state:co/place:aurora/government
- name: Fort Collins
  id: ocd-jurisdiction/country:us/state:co/place:fort_collins/government
- name: Lakewood
  id: ocd-jurisdiction/country:us/state:co/place:lakewood/government
- name: Thornton
  id: ocd-jurisdiction/country:us/state:co/place:thornton/government
- name: Arvada
  id: ocd-jurisdiction/country:us/state:co/place:arvada/government
- name: Westminster
  id: ocd-jurisdiction/country:us/state:co/place:westminster/government
- name: Pueblo
  id: ocd-jurisdiction/country:us/state:co/place:pueblo/government
- name: Centennial
  id: ocd-jurisdiction/country:us/state:co/place:centennial/government
- name: Centennial
  id: ocd-jurisdiction/country:us/state:co/place:centennial/government
- name: Greeley
  id: ocd-jurisdiction/country:us/state:co/place:greeley/government
- name: Boulder
  id: ocd-jurisdiction/country:us/state:co/place:boulder/government
- name: Longmont
  id: ocd-jurisdiction/country:us/state:co/place:longmont/government
- name: Loveland
  id: ocd-jurisdiction/country:us/state:co/place:loveland/government
- name: Broomfield
  id: ocd-jurisdiction/country:us/state:co/place:broomfield/government
- name: Castle Rock
  id: ocd-jurisdiction/country:us/state:co/place:castle_rock/government
- name: Grand Junction
  id: ocd-jurisdiction/country:us/state:co/place:grand_junction/government
- name: Parker
  id: ocd-jurisdiction/country:us/state:co/place:parker/government
- name: Littleton
  id: ocd-jurisdiction/country:us/state:co/place:littleton/government
- name: Englewood
  id: ocd-jurisdiction/country:us/state:co/place:englewood/government
- name: Lafayette
  id: ocd-jurisdiction/country:us/state:co/place:lafayette/government
- name: Golden
  id: ocd-jurisdiction/country:us/state:co/place:golden/government
- name: Erie
  id: ocd-jurisdiction/country:us/state:co/place:erie/government
- name: Glenwood Springs
  id: ocd-jurisdiction/country:us/state:co/place:glenwood_springs/government
- name: Wheat Ridge
  id: ocd-jurisdiction/country:us/state:co/place:wheat_ridge/government
- name: Dolores
  id: ocd-jurisdiction/country:us/state:co/place:dolores/government
