- name: Detroit
  id: ocd-jurisdiction/country:us/state:mi/place:detroit/government
- name: Grand Rapids
  id: ocd-jurisdiction/country:us/state:mi/place:grand_rapids/government
- name: Warren
  id: ocd-jurisdiction/country:us/state:mi/place:warren/government
- name: Warren
  id: ocd-jurisdiction/country:us/state:mi/place:warren/government
- name: Sterling Heights
  id: ocd-jurisdiction/country:us/state:mi/place:sterling_heights/government
- name: Ann Arbor
  id: ocd-jurisdiction/country:us/state:mi/place:ann_arbor/government
- name: Lansing
  id: ocd-jurisdiction/country:us/state:mi/place:lansing/government
- name: Flint
  id: ocd-jurisdiction/country:us/state:mi/place:flint/government
- name: Dearborn
  id: ocd-jurisdiction/country:us/state:mi/place:dearborn/government
- name: Livonia
  id: ocd-jurisdiction/country:us/state:mi/place:livonia/government
- name: Macomb
  id: ocd-jurisdiction/country:us/state:mi/place:macomb/government
- name: Troy
  id: ocd-jurisdiction/country:us/state:mi/place:troy/government
- name: Westland
  id: ocd-jurisdiction/country:us/state:mi/place:westland/government
- name: Farmington Hills
  id: ocd-jurisdiction/country:us/state:mi/place:farmington_hills/government
- name: Kalamazoo
  id: ocd-jurisdiction/country:us/state:mi/place:kalamazoo/government
- name: Rochester Hills
  id: ocd-jurisdiction/country:us/state:mi/place:rochester_hills/government
- name: Southfield
  id: ocd-jurisdiction/country:us/state:mi/place:southfield/government
- name: West Bloomfield
  id: ocd-jurisdiction/country:us/state:mi/place:west_bloomfield/government
- name: Novi
  id: ocd-jurisdiction/country:us/state:mi/place:novi/government
- name: Royal Oak
  id: ocd-jurisdiction/country:us/state:mi/place:royal_oak/government
- name: Saginaw
  id: ocd-jurisdiction/country:us/state:mi/place:saginaw/government
- name: East Lansing
  id: ocd-jurisdiction/country:us/state:mi/place:east_lansing/government
- name: Holland
  id: ocd-jurisdiction/country:us/state:mi/place:holland/government
- name: Jackson
  id: ocd-jurisdiction/country:us/state:mi/place:jackson/government
- name: Mount Pleasant
  id: ocd-jurisdiction/country:us/state:mi/place:mount_pleasant/government
- name: Ypsilanti
  id: ocd-jurisdiction/country:us/state:mi/place:ypsilanti/government
- name: Ferndale
  id: ocd-jurisdiction/country:us/state:mi/place:ferndale/government
- name: Traverse City
  id: ocd-jurisdiction/country:us/state:mi/place:traverse_city/government
- name: Northville
  id: ocd-jurisdiction/country:us/state:mi/place:northville/government
- name: Bloomfield Hills
  id: ocd-jurisdiction/country:us/state:mi/place:bloomfield_hills/government
- name: Alma
  id: ocd-jurisdiction/country:us/state:mi/place:alma/government
- name: Rockford
  id: ocd-jurisdiction/country:us/state:mi/place:rockford/government
- name: Eastpointe
  id: ocd-jurisdiction/country:us/state:mi/place:eastpointe/government
- name: Pinckney
  id: ocd-jurisdiction/country:us/state:mi/place:pinckney/government
- name: Benton Harbor
  id: ocd-jurisdiction/country:us/state:mi/place:benton_harbor/government
- name: Roseville
  id: ocd-jurisdiction/country:us/state:mi/place:roseville/government
- name: Beverly Hills
  id: ocd-jurisdiction/country:us/state:mi/place:beverly_hills/government
- name: Dexter
  id: ocd-jurisdiction/country:us/state:mi/place:dexter/government
- name: Hamtramck
  id: ocd-jurisdiction/country:us/state:mi/place:hamtramck/government
- name: Portage
  id: ocd-jurisdiction/country:us/state:mi/place:portage/government
- name: Auburn Hills
  id: ocd-jurisdiction/country:us/state:mi/place:auburn_hills/government
- name: Dorr
  id: ocd-jurisdiction/country:us/state:mi/place:dorr/government
- name: Whitmore Lake
  id: ocd-jurisdiction/country:us/state:mi/place:whitmore_lake/government
- name: Caledonia
  id: ocd-jurisdiction/country:us/state:mi/place:caledonia/government
- name: West Branch
  id: ocd-jurisdiction/country:us/state:mi/place:west_branch/government
- name: Lake Orion
  id: ocd-jurisdiction/country:us/state:mi/place:lake_orion/government
