- name: Houston
  id: ocd-jurisdiction/country:us/state:tx/place:houston/government
- name: San Antonio
  id: ocd-jurisdiction/country:us/state:tx/place:san_antonio/government
- name: Dallas
  id: ocd-jurisdiction/country:us/state:tx/place:dallas/government
- name: Austin
  id: ocd-jurisdiction/country:us/state:tx/place:austin/government
- name: Fort Worth
  id: ocd-jurisdiction/country:us/state:tx/place:fort_worth/government
- name: El Paso
  id: ocd-jurisdiction/country:us/state:tx/place:el_paso/government
- name: Arlington
  id: ocd-jurisdiction/country:us/state:tx/place:arlington/government
- name: Corpus Christi
  id: ocd-jurisdiction/country:us/state:tx/place:corpus_christi/government
- name: Plano
  id: ocd-jurisdiction/country:us/state:tx/place:plano/government
- name: Laredo
  id: ocd-jurisdiction/country:us/state:tx/place:laredo/government
- name: Lubbock
  id: ocd-jurisdiction/country:us/state:tx/place:lubbock/government
- name: Garland
  id: ocd-jurisdiction/country:us/state:tx/place:garland/government
- name: Irving
  id: ocd-jurisdiction/country:us/state:tx/place:irving/government
- name: Frisco
  id: ocd-jurisdiction/country:us/state:tx/place:frisco/government
- name: McKinney
  id: ocd-jurisdiction/country:us/state:tx/place:mckinney/government
- name: Amarillo
  id: ocd-jurisdiction/country:us/state:tx/place:amarillo/government
- name: Grand Prairie
  id: ocd-jurisdiction/country:us/state:tx/place:grand_prairie/government
- name: Brownsville
  id: ocd-jurisdiction/country:us/state:tx/place:brownsville/government
- name: Killeen
  id: ocd-jurisdiction/country:us/state:tx/place:killeen/government
- name: Pasadena
  id: ocd-jurisdiction/country:us/state:tx/place:pasadena/government
- name: Midland
  id: ocd-jurisdiction/country:us/state:tx/place:midland/government
- name: McAllen
  id: ocd-jurisdiction/country:us/state:tx/place:mcallen/government
- name: Waco
  id: ocd-jurisdiction/country:us/state:tx/place:waco/government
- name: Denton
  id: ocd-jurisdiction/country:us/state:tx/place:denton/government
- name: Mesquite
  id: ocd-jurisdiction/country:us/state:tx/place:mesquite/government
- name: Carrollton
  id: ocd-jurisdiction/country:us/state:tx/place:carrollton/government
- name: Waco
  id: ocd-jurisdiction/country:us/state:tx/place:waco/government
- name: Round Rock
  id: ocd-jurisdiction/country:us/state:tx/place:round_rock/government
- name: Abilene
  id: ocd-jurisdiction/country:us/state:tx/place:abilene/government
- name: Odessa
  id: ocd-jurisdiction/country:us/state:tx/place:odessa/government
- name: Pearland
  id: ocd-jurisdiction/country:us/state:tx/place:pearland/government
- name: Richardson
  id: ocd-jurisdiction/country:us/state:tx/place:richardson/government
- name: Sugar Land
  id: ocd-jurisdiction/country:us/state:tx/place:sugar_land/government
- name: College Station
  id: ocd-jurisdiction/country:us/state:tx/place:college_station/government
- name: Beaumont
  id: ocd-jurisdiction/country:us/state:tx/place:beaumont/government
- name: Lewisville
  id: ocd-jurisdiction/country:us/state:tx/place:lewisville/government
- name: League City
  id: ocd-jurisdiction/country:us/state:tx/place:league_city/government
- name: Tyler
  id: ocd-jurisdiction/country:us/state:tx/place:tyler/government
- name: McAllen
  id: ocd-jurisdiction/country:us/state:tx/place:mcallen/government
- name: Wichita Falls
  id: ocd-jurisdiction/country:us/state:tx/place:wichita_falls/government
- name: Allen
  id: ocd-jurisdiction/country:us/state:tx/place:allen/government
- name: Edinburg
  id: ocd-jurisdiction/country:us/state:tx/place:edinburg/government
- name: San Angelo
  id: ocd-jurisdiction/country:us/state:tx/place:san_angelo/government
- name: Conroe
  id: ocd-jurisdiction/country:us/state:tx/place:conroe/government
- name: Bryan
  id: ocd-jurisdiction/country:us/state:tx/place:bryan/government
- name: Mission
  id: ocd-jurisdiction/country:us/state:tx/place:mission/government
- name: New Braunfels
  id: ocd-jurisdiction/country:us/state:tx/place:new_braunfels/government
- name: Baytown
  id: ocd-jurisdiction/country:us/state:tx/place:baytown/government
- name: Cedar Park
  id: ocd-jurisdiction/country:us/state:tx/place:cedar_park/government
- name: Georgetown
  id: ocd-jurisdiction/country:us/state:tx/place:georgetown/government
- name: Mansfield
  id: ocd-jurisdiction/country:us/state:tx/place:mansfield/government
- name: North Richland Hills
  id: ocd-jurisdiction/country:us/state:tx/place:north_richland_hills/government
- name: Rowlett
  id: ocd-jurisdiction/country:us/state:tx/place:rowlett/government
- name: Pflugerville
  id: ocd-jurisdiction/country:us/state:tx/place:pflugerville/government
- name: San Marcos
  id: ocd-jurisdiction/country:us/state:tx/place:san_marcos/government
- name: Euless
  id: ocd-jurisdiction/country:us/state:tx/place:euless/government
- name: Leander
  id: ocd-jurisdiction/country:us/state:tx/place:leander/government
- name: Spring Valley
  id: ocd-jurisdiction/country:us/state:tx/place:spring_valley/government
- name: Grapevine
  id: ocd-jurisdiction/country:us/state:tx/place:grapevine/government
- name: Wylie
  id: ocd-jurisdiction/country:us/state:tx/place:wylie/government
- name: Keller
  id: ocd-jurisdiction/country:us/state:tx/place:keller/government
- name: Kyle
  id: ocd-jurisdiction/country:us/state:tx/place:kyle/government
- name: Rockwall
  id: ocd-jurisdiction/country:us/state:tx/place:rockwall/government
- name: The Colony
  id: ocd-jurisdiction/country:us/state:tx/place:the_colony/government
- name: Katy
  id: ocd-jurisdiction/country:us/state:tx/place:katy/government
- name: Humble
  id: ocd-jurisdiction/country:us/state:tx/place:humble/government
- name: Richmond
  id: ocd-jurisdiction/country:us/state:tx/place:richmond/government
- name: Flower Mound
  id: ocd-jurisdiction/country:us/state:tx/place:flower_mound/government
- name: Del Rio
  id: ocd-jurisdiction/country:us/state:tx/place:del_rio/government
- name: Universal City
  id: ocd-jurisdiction/country:us/state:tx/place:universal_city/government
- name: Kerrville
  id: ocd-jurisdiction/country:us/state:tx/place:kerrville/government
- name: Corinth
  id: ocd-jurisdiction/country:us/state:tx/place:corinth/government
- name: Rhome
  id: ocd-jurisdiction/country:us/state:tx/place:rhome/government
- name: Terrell
  id: ocd-jurisdiction/country:us/state:tx/place:terrell/government
- name: Sachse
  id: ocd-jurisdiction/country:us/state:tx/place:sachse/government
- name: La Grange
  id: ocd-jurisdiction/country:us/state:tx/place:la_grange/government
- name: Midlothian
  id: ocd-jurisdiction/country:us/state:tx/place:midlothian/government
- name: Hutto
  id: ocd-jurisdiction/country:us/state:tx/place:hutto/government
- name: Forney
  id: ocd-jurisdiction/country:us/state:tx/place:forney/government
- name: Duncanville
  id: ocd-jurisdiction/country:us/state:tx/place:duncanville/government
- name: Webster
  id: ocd-jurisdiction/country:us/state:tx/place:webster/government
- name: Angleton
  id: ocd-jurisdiction/country:us/state:tx/place:angleton/government
- name: Friendswood
  id: ocd-jurisdiction/country:us/state:tx/place:friendswood/government
- name: Montgomery
  id: ocd-jurisdiction/country:us/state:tx/place:montgomery/government
- name: Tatum
  id: ocd-jurisdiction/country:us/state:tx/place:tatum/government
- name: Temple
  id: ocd-jurisdiction/country:us/state:tx/place:temple/government
- name: Weatherford
  id: ocd-jurisdiction/country:us/state:tx/place:weatherford/government
- name: West Columbia
  id: ocd-jurisdiction/country:us/state:tx/place:west_columbia/government
- name: Uvalde
  id: ocd-jurisdiction/country:us/state:tx/place:uvalde/government
- name: Athens
  id: ocd-jurisdiction/country:us/state:tx/place:athens/government
- name: Granbury
  id: ocd-jurisdiction/country:us/state:tx/place:granbury/government
